recent_years,requested_period_start,data_as_of,currency,strategy_id,signal_family,scenario,parameters,horizon,target_definition,signal_count,evaluated_signal_count,signals_per_week,hit_rate,random_hit_rate_mean,hit_lift,hit_p_value,benefit_bps,benefit_ci_low_95,benefit_ci_high_95,benefit_p_value_vs_zero,forward_change_bps,random_forward_change_bps_mean,median_gap_days,max_gap_days,first_signal,last_signal
3,2023-09-02,2026-09-02,AMD,walk_forward__corridor_exit_down__h2,corridor_exit_down,favourable_now,"{""breakout_bps"": 50.0, ""direction"": ""down"", ""lookback"": 5, ""max_range_bps"": 400.0}",2,no_lower_price_in_next_h_observations,15,15,0.0967741935483871,0.4,0.4042222222222222,0.989554700384827,0.6245847176079734,26.04067650291878,-4.062180001979608,49.88689255084722,0.019933554817275746,-26.891399771226197,-0.3652528101741846,48.0,297.0,2023-10-03,2026-05-19
3,2023-09-02,2026-09-02,KGS,walk_forward__corridor_exit_down__h2,corridor_exit_down,favourable_now,"{""breakout_bps"": 50.0, ""direction"": ""down"", ""lookback"": 10, ""max_range_bps"": 400.0}",2,no_lower_price_in_next_h_observations,34,34,0.21935483870967742,0.2647058823529412,0.39666666666666667,0.6673257538309442,0.9667774086378738,16.316026680452953,4.216907836448336,27.2432189850064,0.0033222591362126247,-49.65878643175878,0.12197988004285233,25.0,80.0,2023-09-22,2026-07-25
3,2023-09-02,2026-09-02,KZT,walk_forward__corridor_exit_down__h2,corridor_exit_down,favourable_now,"{""breakout_bps"": 50.0, ""direction"": ""down"", ""lookback"": 5, ""max_range_bps"": 400.0}",2,no_lower_price_in_next_h_observations,27,27,0.17419354838709677,0.4074074074074074,0.39382716049382716,1.0344827586206895,0.5049833887043189,73.98907296985792,39.35477812692096,113.11959609788575,0.0033222591362126247,0.36011581666369563,-2.638497702684634,29.5,140.0,2023-09-13,2026-05-30
3,2023-09-02,2026-09-02,TJS,walk_forward__corridor_exit_down__h2,corridor_exit_down,favourable_now,"{""breakout_bps"": 0.0, ""direction"": ""down"", ""lookback"": 10, ""max_range_bps"": 400.0}",2,no_lower_price_in_next_h_observations,35,35,0.22580645161290322,0.34285714285714286,0.4279047619047619,0.8012463832628534,0.867109634551495,65.61451694634606,37.63554905438516,100.90158820029498,0.0033222591362126247,10.667692057157662,4.47749100971807,20.5,112.0,2023-09-13,2026-05-19
3,2023-09-02,2026-09-02,UZS,walk_forward__corridor_exit_down__h2,corridor_exit_down,favourable_now,"{""breakout_bps"": 25.0, ""direction"": ""down"", ""lookback"": 10, ""max_range_bps"": 400.0}",2,no_lower_price_in_next_h_observations,42,42,0.2709677419354839,0.30952380952380953,0.41428571428571426,0.7471264367816093,0.9534883720930233,38.67040713187487,17.17541722395734,63.9340009445917,0.013289036544850499,-26.962943551756066,0.01097741918407678,13.0,106.0,2023-09-12,2026-05-08
3,2023-09-02,2026-09-02,AMD,walk_forward__corridor_exit_up__h2,corridor_exit_up,window_closing,"{""breakout_bps"": 0.0, ""direction"": ""up"", ""lookback"": 10, ""max_range_bps"": 400.0}",2,rub_per_unit_at_T_plus_h_is_higher_than_at_T,11,11,0.07096774193548387,0.9090909090909091,0.5339393939393938,1.7026106696935304,0.0033222591362126247,-10.480368192034824,-32.98499236840586,5.997206648096113,0.8272425249169435,87.73062312250319,4.239936853842783,47.0,246.0,2024-02-03,2026-07-30
3,2023-09-02,2026-09-02,KGS,walk_forward__corridor_exit_up__h2,corridor_exit_up,window_closing,"{""breakout_bps"": 0.0, ""direction"": ""up"", ""lookback"": 5, ""max_range_bps"": 100.0}",2,rub_per_unit_at_T_plus_h_is_higher_than_at_T,12,12,0.07741935483870968,0.8333333333333334,0.49194444444444446,1.693958215697346,0.016611295681063124,-22.74070114943932,-39.964045731222235,-7.516642321393752,1.0,84.87114535724787,-5.1990516270617775,65.0,245.0,2023-10-04,2026-07-30
3,2023-09-02,2026-09-02,KZT,walk_forward__corridor_exit_up__h2,corridor_exit_up,window_closing,"{""breakout_bps"": 50.0, ""direction"": ""up"", ""lookback"": 10, ""max_range_bps"": 400.0}",2,rub_per_unit_at_T_plus_h_is_higher_than_at_T,15,15,0.0967741935483871,0.6666666666666666,0.5037777777777778,1.3233348037053374,0.17940199335548174,-60.851508933173896,-94.61518894794794,-27.243534298925756,1.0,15.203387300505373,-2.6727047980461953,45.5,233.0,2024-01-26,2026-08-04
3,2023-09-02,2026-09-02,TJS,walk_forward__corridor_exit_up__h2,corridor_exit_up,window_closing,"{""breakout_bps"": 0.0, ""direction"": ""up"", ""lookback"": 5, ""max_range_bps"": 200.0}",2,rub_per_unit_at_T_plus_h_is_higher_than_at_T,13,13,0.08387096774193549,0.7692307692307693,0.5253846153846152,1.4641288433382142,0.07973421926910298,-16.538141715781116,-33.63625300066107,-0.3058628844397096,0.9700996677740864,70.5604978137586,-0.41319324836127974,51.0,200.0,2024-02-06,2026-07-29
3,2023-09-02,2026-09-02,UZS,walk_forward__corridor_exit_up__h2,corridor_exit_up,window_closing,"{""breakout_bps"": 0.0, ""direction"": ""up"", ""lookback"": 10, ""max_range_bps"": 400.0}",2,rub_per_unit_at_T_plus_h_is_higher_than_at_T,19,19,0.12258064516129032,0.7368421052631579,0.5128070175438596,1.4368799178925762,0.059800664451827246,-5.973276227114217,-25.341776277312334,14.109329755942388,0.7441860465116279,101.5253008882814,-1.6712095184947342,33.5,211.0,2023-10-03,2026-07-30
3,2023-09-02,2026-09-02,AMD,walk_forward__level__h2,level,favourable_now,"{""higher_share"": 0.9, ""lookback"": 20}",2,no_lower_price_in_next_h_observations,41,41,0.2645161290322581,0.4146341463414634,0.4017073170731707,1.0321797207043109,0.5016611295681063,30.356436757563127,11.279303765819478,64.97322662037409,0.03986710963455149,26.88659497699981,-0.04513335604236448,6.0,203.0,2024-01-11,2026-05-30
3,2023-09-02,2026-09-02,KGS,walk_forward__level__h2,level,favourable_now,"{""higher_share"": 0.9, ""lookback"": 20}",2,no_lower_price_in_next_h_observations,46,46,0.2967741935483871,0.2608695652173913,0.38891304347826083,0.6707657909446618,0.9700996677740864,21.328940700939146,2.9637787995724483,62.38742121447289,0.11295681063122924,2.0034064133673937,-1.7776903545891878,6.0,239.0,2024-06-20,2026-06-10
3,2023-09-02,2026-09-02,KZT,walk_forward__level__h2,level,favourable_now,"{""higher_share"": 0.95, ""lookback"": 60}",2,no_lower_price_in_next_h_observations,52,52,0.33548387096774196,0.40384615384615385,0.39634615384615385,1.0189228529839884,0.4883720930232558,38.277036215860804,13.890378576705334,64.3271416937274,0.009966777408637873,1.97143861323096,-1.8553168686035384,6.0,182.0,2023-09-29,2026-06-17
3,2023-09-02,2026-09-02,TJS,walk_forward__level__h2,level,favourable_now,"{""higher_share"": 0.95, ""lookback"": 20}",2,no_lower_price_in_next_h_observations,46,46,0.2967741935483871,0.30434782608695654,0.41717391304347823,0.7295466388744138,0.9767441860465116,41.46826376640229,25.362752812396486,60.08658634006248,0.0033222591362126247,-14.399853766488318,2.4714658886801013,10.0,127.0,2023-10-21,2026-05-19
3,2023-09-02,2026-09-02,UZS,walk_forward__level__h2,level,favourable_now,"{""higher_share"": 0.95, ""lookback"": 20}",2,no_lower_price_in_next_h_observations,39,39,0.25161290322580643,0.358974358974359,0.4095726495726496,0.8764607679465776,0.8073089700996677,18.025442532350766,-0.026282327546222173,41.07659814251216,0.06976744186046512,-2.9769672619571432,-0.2170683161358106,6.0,296.0,2024-05-25,2026-06-10
3,2023-09-02,2026-09-02,AMD,walk_forward__corridor_exit_down__h3,corridor_exit_down,favourable_now,"{""breakout_bps"": 50.0, ""direction"": ""down"", ""lookback"": 5, ""max_range_bps"": 400.0}",3,no_lower_price_in_next_h_observations,15,15,0.0967741935483871,0.3333333333333333,0.35377777777777775,0.9422110552763819,0.6677740863787376,32.65402720562801,1.239010048212056,54.366966590295064,0.0033222591362126247,-15.002504902510282,0.41808923630946965,48.0,297.0,2023-10-03,2026-05-19
3,2023-09-02,2026-09-02,KGS,walk_forward__corridor_exit_down__h3,corridor_exit_down,favourable_now,"{""breakout_bps"": 25.0, ""direction"": ""down"", ""lookback"": 5, ""max_range_bps"": 200.0}",3,no_lower_price_in_next_h_observations,34,34,0.21935483870967742,0.20588235294117646,0.34568627450980394,0.5955757231990924,0.9700996677740864,16.285655243018567,2.7282664316509644,29.09487639251525,0.006644518272425249,-57.48049250646657,-3.6119248997784332,25.0,80.0,2023-09-22,2026-07-25
3,2023-09-02,2026-09-02,KZT,walk_forward__corridor_exit_down__h3,corridor_exit_down,favourable_now,"{""breakout_bps"": 25.0, ""direction"": ""down"", ""lookback"": 10, ""max_range_bps"": 400.0}",3,no_lower_price_in_next_h_observations,27,27,0.17419354838709677,0.3333333333333333,0.3214814814814814,1.0368663594470047,0.5282392026578073,82.41104739402124,47.233956662440676,120.49657196549691,0.0033222591362126247,-9.51140762667146,-7.430220458783669,29.5,140.0,2023-09-13,2026-05-30
3,2023-09-02,2026-09-02,TJS,walk_forward__corridor_exit_down__h3,corridor_exit_down,favourable_now,"{""breakout_bps"": 25.0, ""direction"": ""down"", ""lookback"": 10, ""max_range_bps"": 400.0}",3,no_lower_price_in_next_h_observations,31,31,0.2,0.3225806451612903,0.38,0.8488964346349746,0.8006644518272426,73.62364043450383,37.5935910743931,112.95898732793536,0.0033222591362126247,11.001465211390965,6.3337655726854845,26.5,112.0,2023-09-13,2026-05-19
3,2023-09-02,2026-09-02,UZS,walk_forward__corridor_exit_down__h3,corridor_exit_down,favourable_now,"{""breakout_bps"": 0.0, ""direction"": ""down"", ""lookback"": 10, ""max_range_bps"": 400.0}",3,no_lower_price_in_next_h_observations,44,44,0.2838709677419355,0.22727272727272727,0.353560606060606,0.6428112277694451,0.9900332225913622,45.75322910535484,21.464402229331277,73.684904917546,0.0033222591362126247,-25.562739548222623,-2.482683049131896,13.0,78.0,2023-09-12,2026-05-19
3,2023-09-02,2026-09-02,AMD,walk_forward__corridor_exit_up__h3,corridor_exit_up,window_closing,"{""breakout_bps"": 0.0, ""direction"": ""up"", ""lookback"": 5, ""max_range_bps"": 100.0}",3,rub_per_unit_at_T_plus_h_is_higher_than_at_T,31,31,0.2,0.5806451612903226,0.49784946236559147,1.1663066954643628,0.21926910299003322,-7.336286887475217,-22.166298217781648,7.737899366996002,0.7973421926910299,53.09680041055182,-1.0203409914871364,19.5,164.0,2023-09-05,2026-07-30
3,2023-09-02,2026-09-02,KGS,walk_forward__corridor_exit_up__h3,corridor_exit_up,window_closing,"{""breakout_bps"": 0.0, ""direction"": ""up"", ""lookback"": 5, ""max_range_bps"": 100.0}",3,rub_per_unit_at_T_plus_h_is_higher_than_at_T,12,12,0.07741935483870968,0.9166666666666666,0.5080555555555555,1.8042646254784036,0.006644518272425249,-24.510593839229262,-53.549392605570674,-3.7303755856367196,0.946843853820598,132.39505931579336,-1.1045783271669378,65.0,245.0,2023-10-04,2026-07-30
3,2023-09-02,2026-09-02,KZT,walk_forward__corridor_exit_up__h3,corridor_exit_up,window_closing,"{""breakout_bps"": 0.0, ""direction"": ""up"", ""lookback"": 10, ""max_range_bps"": 400.0}",3,rub_per_unit_at_T_plus_h_is_higher_than_at_T,13,13,0.08387096774193549,0.6153846153846154,0.5048717948717948,1.218892839004571,0.2857142857142857,-67.19680257420065,-113.35638802828254,-19.50389549054203,0.9966777408637874,39.379246130019766,0.811784896094504,49.0,233.0,2024-01-26,2026-08-04
3,2023-09-02,2026-09-02,TJS,walk_forward__corridor_exit_up__h3,corridor_exit_up,window_closing,"{""breakout_bps"": 25.0, ""direction"": ""up"", ""lookback"": 5, ""max_range_bps"": 100.0}",3,rub_per_unit_at_T_plus_h_is_higher_than_at_T,21,21,0.13548387096774195,0.7619047619047619,0.513015873015873,1.485148514851485,0.023255813953488372,-7.013621433569207,-25.13073272578163,12.78925147284806,0.7674418604651163,97.62804595614818,2.3679743660634838,28.0,200.0,2023-10-03,2026-07-29
3,2023-09-02,2026-09-02,UZS,walk_forward__corridor_exit_up__h3,corridor_exit_up,window_closing,"{""breakout_bps"": 50.0, ""direction"": ""up"", ""lookback"": 5, ""max_range_bps"": 200.0}",3,rub_per_unit_at_T_plus_h_is_higher_than_at_T,18,18,0.11612903225806452,0.6666666666666666,0.5009259259259259,1.3308687615526802,0.1362126245847176,-22.535019492587246,-59.2309975282346,12.221507110713453,0.8837209302325582,62.953157448770966,-3.1238187177671093,13.0,247.0,2023-10-03,2026-07-30
3,2023-09-02,2026-09-02,AMD,walk_forward__level__h3,level,favourable_now,"{""higher_share"": 0.9, ""lookback"": 20}",3,no_lower_price_in_next_h_observations,41,41,0.2645161290322581,0.3170731707317073,0.3511382113821138,0.9029868025005788,0.7441860465116279,42.11187400188746,12.452963021516926,97.65802642432678,0.06312292358803986,46.06086520270875,-0.8594263197289479,6.0,204.0,2024-06-20,2026-06-10
3,2023-09-02,2026-09-02,KGS,walk_forward__level__h3,level,favourable_now,"{""higher_share"": 0.8, ""lookback"": 120}",3,no_lower_price_in_next_h_observations,55,55,0.3548387096774194,0.23636363636363636,0.34733333333333327,0.6805095096841739,0.9667774086378738,27.03316816674147,-0.012710346962478483,58.59808478246757,0.05647840531561462,11.744936385252608,-3.6056739698346214,6.0,192.0,2024-01-12,2026-06-23
3,2023-09-02,2026-09-02,KZT,walk_forward__level__h3,level,favourable_now,"{""higher_share"": 0.95, ""lookback"": 60}",3,no_lower_price_in_next_h_observations,52,52,0.33548387096774196,0.3076923076923077,0.32423076923076927,0.9489916963226571,0.6411960132890365,49.80048773635766,23.19189092276138,74.554883948128,0.0033222591362126247,-0.527957522577415,-2.680571042006591,6.0,182.0,2023-09-29,2026-06-17
3,2023-09-02,2026-09-02,TJS,walk_forward__level__h3,level,favourable_now,"{""higher_share"": 0.95, ""lookback"": 20}",3,no_lower_price_in_next_h_observations,44,44,0.2838709677419355,0.25,0.3751515151515152,0.6663974151857834,0.9867109634551495,42.620369156529094,20.98900006939535,72.88474276234697,0.006644518272425249,-18.974943475421764,4.664985377758922,6.0,220.0,2023-10-25,2026-05-28
3,2023-09-02,2026-09-02,UZS,walk_forward__level__h3,level,favourable_now,"{""higher_share"": 0.95, ""lookback"": 20}",3,no_lower_price_in_next_h_observations,52,52,0.33548387096774196,0.3076923076923077,0.3534615384615385,0.8705114254624592,0.8305647840531561,13.849702322509218,-1.7006975832313809,34.14397521212426,0.06312292358803986,-9.609264276601753,-2.4937651145776076,6.0,197.0,2024-05-25,2026-06-18
3,2023-09-02,2026-09-02,AMD,walk_forward__corridor_exit_down__h4,corridor_exit_down,favourable_now,"{""breakout_bps"": 50.0, ""direction"": ""down"", ""lookback"": 5, ""max_range_bps"": 400.0}",4,no_lower_price_in_next_h_observations,15,15,0.0967741935483871,0.3333333333333333,0.31711111111111107,1.051156271899089,0.5813953488372093,36.13749415956395,6.625452736978384,62.5709328937166,0.009966777408637873,-33.45980498721353,-0.9864725526476411,48.0,297.0,2023-10-03,2026-05-19
3,2023-09-02,2026-09-02,KGS,walk_forward__corridor_exit_down__h4,corridor_exit_down,favourable_now,"{""breakout_bps"": 25.0, ""direction"": ""down"", ""lookback"": 5, ""max_range_bps"": 200.0}",4,no_lower_price_in_next_h_observations,34,34,0.21935483870967742,0.20588235294117646,0.3179411764705882,0.6475485661424607,0.9634551495016611,12.99869371021595,-4.244291487674597,27.525054767972733,0.03322259136212625,-76.83071564544181,-1.9606324575811407,25.0,80.0,2023-09-22,2026-07-25
3,2023-09-02,2026-09-02,KZT,walk_forward__corridor_exit_down__h4,corridor_exit_down,favourable_now,"{""breakout_bps"": 25.0, ""direction"": ""down"", ""lookback"": 10, ""max_range_bps"": 400.0}",4,no_lower_price_in_next_h_observations,25,25,0.16129032258064516,0.32,0.29146666666666665,1.0978956999085088,0.4684385382059801,67.1560799100853,42.88564872256967,91.14781042227217,0.0033222591362126247,-10.608040382863269,-0.26442762152598487,28.0,169.0,2023-09-13,2026-05-30
3,2023-09-02,2026-09-02,TJS,walk_forward__corridor_exit_down__h4,corridor_exit_down,favourable_now,"{""breakout_bps"": 25.0, ""direction"": ""down"", ""lookback"": 5, ""max_range_bps"": 400.0}",4,no_lower_price_in_next_h_observations,27,27,0.17419354838709677,0.2962962962962963,0.33666666666666667,0.88008800880088,0.7441860465116279,77.76752084002695,39.52546346558807,117.07941749082067,0.0033222591362126247,20.837229033698023,7.7039507742401865,31.0,140.0,2023-09-13,2026-05-19
3,2023-09-02,2026-09-02,UZS,walk_forward__corridor_exit_down__h4,corridor_exit_down,favourable_now,"{""breakout_bps"": 25.0, ""direction"": ""down"", ""lookback"": 5, ""max_range_bps"": 200.0}",4,no_lower_price_in_next_h_observations,48,48,0.3096774193548387,0.25,0.31854166666666667,0.7848266841072596,0.8803986710963455,45.58240947157989,24.853482565212722,70.38689723536064,0.0033222591362126247,-31.17557317908475,-3.054483047070054,18.0,63.0,2023-09-12,2026-08-22
3,2023-09-02,2026-09-02,AMD,walk_forward__corridor_exit_up__h4,corridor_exit_up,window_closing,"{""breakout_bps"": 0.0, ""direction"": ""up"", ""lookback"": 5, ""max_range_bps"": 100.0}",4,rub_per_unit_at_T_plus_h_is_higher_than_at_T,29,29,0.1870967741935484,0.5862068965517241,0.5102298850574714,1.1489074115791842,0.28903654485049834,-5.259518912851067,-25.85776326927851,14.729219617651776,0.6644518272425249,56.36596287188309,-1.735488384076929,19.0,130.0,2023-09-05,2025-09-23
3,2023-09-02,2026-09-02,KGS,walk_forward__corridor_exit_up__h4,corridor_exit_up,window_closing,"{""breakout_bps"": 0.0, ""direction"": ""up"", ""lookback"": 5, ""max_range_bps"": 100.0}",4,rub_per_unit_at_T_plus_h_is_higher_than_at_T,15,15,0.0967741935483871,0.6666666666666666,0.5111111111111111,1.3043478260869565,0.15946843853820597,-10.424389412126459,-45.38320852186939,10.071910314034843,0.7375415282392026,157.98187952865584,-8.585910850269372,47.5,222.0,2023-09-29,2026-07-30
3,2023-09-02,2026-09-02,KZT,walk_forward__corridor_exit_up__h4,corridor_exit_up,window_closing,"{""breakout_bps"": 50.0, ""direction"": ""up"", ""lookback"": 10, ""max_range_bps"": 400.0}",4,rub_per_unit_at_T_plus_h_is_higher_than_at_T,13,13,0.08387096774193549,0.6153846153846154,0.5030769230769231,1.2232415902140674,0.2757475083056478,-70.10504292011743,-118.16666513599245,-29.487036539954115,0.9966777408637874,38.29923512624559,-3.1717072410726312,49.0,233.0,2024-01-26,2026-08-04
3,2023-09-02,2026-09-02,TJS,walk_forward__corridor_exit_up__h4,corridor_exit_up,window_closing,"{""breakout_bps"": 25.0, ""direction"": ""up"", ""lookback"": 5, ""max_range_bps"": 100.0}",4,rub_per_unit_at_T_plus_h_is_higher_than_at_T,26,26,0.16774193548387098,0.7692307692307693,0.5302564102564102,1.4506769825918764,0.009966777408637873,-6.683250359758755,-27.533333947940662,9.728527596185817,0.7342192691029901,120.05886469985477,3.276583986068718,22.0,161.0,2023-09-05,2026-07-29
3,2023-09-02,2026-09-02,UZS,walk_forward__corridor_exit_up__h4,corridor_exit_up,window_closing,"{""breakout_bps"": 0.0, ""direction"": ""up"", ""lookback"": 5, ""max_range_bps"": 100.0}",4,rub_per_unit_at_T_plus_h_is_higher_than_at_T,29,29,0.1870967741935484,0.7241379310344828,0.496551724137931,1.4583333333333333,0.026578073089700997,-12.437859499858613,-39.142313404021415,9.134809354736875,0.840531561461794,79.67791310847606,-4.335243529682416,23.0,138.0,2023-09-05,2026-07-30
3,2023-09-02,2026-09-02,AMD,walk_forward__level__h4,level,favourable_now,"{""higher_share"": 0.8, ""lookback"": 20}",4,no_lower_price_in_next_h_observations,37,37,0.23870967741935484,0.21621621621621623,0.3168468468468469,0.6823997725334091,0.946843853820598,49.4904355131465,17.792053809401576,110.5267023073952,0.059800664451827246,40.616357305739726,-2.810547346640108,6.0,204.0,2024-06-20,2026-05-28
3,2023-09-02,2026-09-02,KGS,walk_forward__level__h4,level,favourable_now,"{""higher_share"": 0.8, ""lookback"": 120}",4,no_lower_price_in_next_h_observations,45,45,0.2903225806451613,0.17777777777777778,0.31666666666666665,0.5614035087719299,0.9933554817275747,42.68103309152727,13.316852647727629,94.64314368513553,0.03986710963455149,11.37253446885454,-4.571796337978956,6.0,231.0,2024-06-20,2026-06-10
3,2023-09-02,2026-09-02,KZT,walk_forward__level__h4,level,favourable_now,"{""higher_share"": 0.95, ""lookback"": 60}",4,no_lower_price_in_next_h_observations,52,52,0.33548387096774196,0.2692307692307692,0.2878846153846154,0.9352037408149632,0.6578073089700996,57.65819799826831,32.87287212442299,91.60228934850191,0.0033222591362126247,2.4124548166570823,-2.4496547766143344,6.0,182.0,2023-09-29,2026-06-17
3,2023-09-02,2026-09-02,TJS,walk_forward__level__h4,level,favourable_now,"{""higher_share"": 0.95, ""lookback"": 20}",4,no_lower_price_in_next_h_observations,44,44,0.2838709677419355,0.25,0.3402272727272727,0.7348029392117569,0.9235880398671097,47.80299124380689,26.9200663335852,73.57098312338567,0.0033222591362126247,-8.573089666463348,4.203383857222131,6.0,220.0,2023-10-25,2026-05-28
3,2023-09-02,2026-09-02,UZS,walk_forward__level__h4,level,favourable_now,"{""higher_share"": 0.95, ""lookback"": 20}",4,no_lower_price_in_next_h_observations,76,76,0.49032258064516127,0.25,0.3132894736842105,0.7979840403191937,0.9136212624584718,21.43576536631636,8.447986318088144,37.448330475275235,0.009966777408637873,-9.144111950502163,-3.641889941029093,6.0,191.0,2023-10-28,2026-06-10
3,2023-09-02,2026-09-02,AMD,walk_forward__corridor_exit_down__h5,corridor_exit_down,favourable_now,"{""breakout_bps"": 50.0, ""direction"": ""down"", ""lookback"": 5, ""max_range_bps"": 400.0}",5,no_lower_price_in_next_h_observations,14,14,0.09032258064516129,0.2857142857142857,0.27404761904761904,1.0425716768027802,0.5946843853820598,51.84901110053454,22.70266025741634,81.40164645502118,0.0033222591362126247,36.558786079228405,-3.039297338192044,43.0,297.0,2023-10-03,2026-05-20
3,2023-09-02,2026-09-02,KGS,walk_forward__corridor_exit_down__h5,corridor_exit_down,favourable_now,"{""breakout_bps"": 0.0, ""direction"": ""down"", ""lookback"": 5, ""max_range_bps"": 200.0}",5,no_lower_price_in_next_h_observations,34,34,0.21935483870967742,0.20588235294117646,0.2938235294117647,0.7007007007007007,0.8970099667774086,12.795437919825718,-6.069776993042752,28.730463978682064,0.06976744186046512,-63.09497802920705,-0.8233944570973379,25.0,80.0,2023-09-22,2026-07-25
3,2023-09-02,2026-09-02,KZT,walk_forward__corridor_exit_down__h5,corridor_exit_down,favourable_now,"{""breakout_bps"": 50.0, ""direction"": ""down"", ""lookback"": 10, ""max_range_bps"": 400.0}",5,no_lower_price_in_next_h_observations,30,30,0.1935483870967742,0.3333333333333333,0.258,1.2919896640826873,0.21262458471760798,95.97297390328028,62.86691936814797,126.83974397900077,0.0033222591362126247,11.365045784551885,-5.389159457412482,27.0,140.0,2023-09-13,2026-05-30
3,2023-09-02,2026-09-02,TJS,walk_forward__corridor_exit_down__h5,corridor_exit_down,favourable_now,"{""breakout_bps"": 25.0, ""direction"": ""down"", ""lookback"": 5, ""max_range_bps"": 400.0}",5,no_lower_price_in_next_h_observations,27,27,0.17419354838709677,0.2962962962962963,0.3064197530864197,0.9669621273166802,0.6245847176079734,89.01593611083369,41.601920447763625,126.80102649081142,0.0033222591362126247,20.85916328361007,3.800171688888736,31.0,140.0,2023-09-13,2026-05-19
3,2023-09-02,2026-09-02,UZS,walk_forward__corridor_exit_down__h5,corridor_exit_down,favourable_now,"{""breakout_bps"": 0.0, ""direction"": ""down"", ""lookback"": 10, ""max_range_bps"": 400.0}",5,no_lower_price_in_next_h_observations,48,48,0.3096774193548387,0.22916666666666666,0.29270833333333335,0.7829181494661921,0.8770764119601329,47.289986542302096,25.20995026839238,71.80089907039259,0.0033222591362126247,-33.80620216975533,-1.4935977036039714,18.0,63.0,2023-09-12,2026-08-22
3,2023-09-02,2026-09-02,AMD,walk_forward__corridor_exit_up__h5,corridor_exit_up,window_closing,"{""breakout_bps"": 0.0, ""direction"": ""up"", ""lookback"": 5, ""max_range_bps"": 100.0}",5,rub_per_unit_at_T_plus_h_is_higher_than_at_T,17,17,0.10967741935483871,0.6470588235294118,0.49941176470588233,1.2956419316843346,0.1893687707641196,3.290572297070103,-20.36464184353704,28.85748865512952,0.40863787375415284,40.95221024178854,-5.1016558322517005,41.0,324.0,2023-09-05,2026-07-24
3,2023-09-02,2026-09-02,KGS,walk_forward__corridor_exit_up__h5,corridor_exit_up,window_closing,"{""breakout_bps"": 25.0, ""direction"": ""up"", ""lookback"": 5, ""max_range_bps"": 100.0}",5,rub_per_unit_at_T_plus_h_is_higher_than_at_T,9,9,0.05806451612903226,0.6666666666666666,0.5118518518518518,1.3024602026049206,0.27906976744186046,-33.057566490473945,-86.36477105963023,13.46426946752511,0.867109634551495,155.20789570815202,-0.6435052086211303,61.0,245.0,2023-10-04,2025-09-05
3,2023-09-02,2026-09-02,KZT,walk_forward__corridor_exit_up__h5,corridor_exit_up,window_closing,"{""breakout_bps"": 50.0, ""direction"": ""up"", ""lookback"": 10, ""max_range_bps"": 400.0}",5,rub_per_unit_at_T_plus_h_is_higher_than_at_T,9,9,0.05806451612903226,0.7777777777777778,0.4977777777777777,1.5625000000000002,0.09634551495016612,-53.81916619608357,-115.26070175212371,-1.2804767900878071,0.946843853820598,128.78558990324208,1.0814966482209123,50.5,290.0,2024-11-16,2026-08-04
3,2023-09-02,2026-09-02,TJS,walk_forward__corridor_exit_up__h5,corridor_exit_up,window_closing,"{""breakout_bps"": 25.0, ""direction"": ""up"", ""lookback"": 5, ""max_range_bps"": 100.0}",5,rub_per_unit_at_T_plus_h_is_higher_than_at_T,15,15,0.0967741935483871,0.8,0.5264444444444445,1.5196285352469396,0.046511627906976744,10.30619710566453,-17.854123562041096,33.41067336532751,0.23588039867109634,105.56520389908367,1.7538393656713083,54.5,202.0,2023-09-05,2026-03-06
3,2023-09-02,2026-09-02,UZS,walk_forward__corridor_exit_up__h5,corridor_exit_up,window_closing,"{""breakout_bps"": 50.0, ""direction"": ""up"", ""lookback"": 10, ""max_range_bps"": 400.0}",5,rub_per_unit_at_T_plus_h_is_higher_than_at_T,15,15,0.0967741935483871,0.8,0.5075555555555555,1.576182136602452,0.009966777408637873,-31.643781620152982,-53.43502941699086,-5.606662470951061,0.9933554817275747,94.16083314812718,-1.5294080711175229,55.5,247.0,2023-10-03,2026-07-30
3,2023-09-02,2026-09-02,AMD,walk_forward__level__h5,level,favourable_now,"{""higher_share"": 0.8, ""lookback"": 20}",5,no_lower_price_in_next_h_observations,37,37,0.23870967741935484,0.1891891891891892,0.28063063063063065,0.6741573033707865,0.9335548172757475,56.742332815830856,23.787746504186757,122.70714096132971,0.046511627906976744,40.53219788797924,-2.193115245318461,6.0,204.0,2024-06-20,2026-05-28
3,2023-09-02,2026-09-02,KGS,walk_forward__level__h5,level,favourable_now,"{""higher_share"": 0.8, ""lookback"": 120}",5,no_lower_price_in_next_h_observations,51,51,0.32903225806451614,0.19607843137254902,0.2928104575163399,0.6696428571428571,0.9667774086378738,33.128713968119115,10.121610575108212,84.98277679040224,0.08970099667774087,5.4211625543329225,-6.311720289499938,6.0,239.0,2024-06-20,2026-06-17
3,2023-09-02,2026-09-02,KZT,walk_forward__level__h5,level,favourable_now,"{""higher_share"": 0.95, ""lookback"": 60}",5,no_lower_price_in_next_h_observations,52,52,0.33548387096774196,0.25,0.26551282051282055,0.9415741187831964,0.6810631229235881,64.7590095560568,37.64258644351292,113.50674571454745,0.006644518272425249,-7.738548534775766,-4.415995634552073,6.0,182.0,2023-09-29,2026-06-17
3,2023-09-02,2026-09-02,TJS,walk_forward__level__h5,level,favourable_now,"{""higher_share"": 0.9, ""lookback"": 20}",5,no_lower_price_in_next_h_observations,44,44,0.2838709677419355,0.25,0.313030303030303,0.7986447241045499,0.8970099667774086,55.80728817864745,33.81447388386967,83.34165243205388,0.0033222591362126247,-5.3789392276621575,4.664579336438689,6.0,220.0,2023-10-25,2026-05-28
3,2023-09-02,2026-09-02,UZS,walk_forward__level__h5,level,favourable_now,"{""higher_share"": 0.95, ""lookback"": 20}",5,no_lower_price_in_next_h_observations,89,89,0.5741935483870968,0.23595505617977527,0.2892134831460674,0.815850815850816,0.9102990033222591,14.070875531608634,3.696649266801517,25.374045976614184,0.013289036544850499,-21.142680143374328,-4.466629929727719,6.0,189.0,2023-10-28,2026-06-19
