currency,strategy_id,parameters,evaluated_horizons,min_hit_lift,median_hit_lift,min_benefit_bps,min_benefit_ci_low_95,signals_per_week,passes_hard_screen,passes_case_screen
KZT,level_L120_p80,"{""higher_share"": 0.8, ""lookback"": 120}",4,1.2,1.2977434538186023,32.126371987681296,12.315321644684406,0.4258064516129032,True,False
TJS,level_L250_p95,"{""higher_share"": 0.95, ""lookback"": 250}",4,1.2012012012012012,1.3137426445033018,80.26134235066812,24.406859080800775,0.11612903225806452,True,False
AMD,level_L20_p95,"{""higher_share"": 0.95, ""lookback"": 20}",4,0.96,1.0394770413891363,52.53374909279101,29.68675169849156,0.33548387096774196,False,False
AMD,level_L60_p95,"{""higher_share"": 0.95, ""lookback"": 60}",4,0.9506057781919851,1.0884010363073,44.8559576425974,21.641515183278496,0.32903225806451614,False,False
AMD,level_L60_p80,"{""higher_share"": 0.8, ""lookback"": 60}",4,0.9015455065827132,0.9699951545416298,23.14836899091084,6.436375431429628,0.5225806451612903,False,False
AMD,level_L250_p80,"{""higher_share"": 0.8, ""lookback"": 250}",4,0.8834228304174605,0.9467701431866646,19.01854674185919,-4.013531019715754,0.3935483870967742,False,False
AMD,level_L250_p70,"{""higher_share"": 0.7, ""lookback"": 250}",4,0.8727272727272728,0.9262327489200101,7.72718193127108,-7.78453392341065,0.4645161290322581,False,False
AMD,level_L60_p90,"{""higher_share"": 0.9, ""lookback"": 60}",4,0.8655035032284654,0.8987923840375398,21.42732708791671,-2.3283244110796693,0.3870967741935484,False,False
AMD,level_L120_p70,"{""higher_share"": 0.7, ""lookback"": 120}",4,0.8526187576126675,0.8826926383508997,4.333799408103815,-8.196124025677609,0.5032258064516129,False,False
AMD,level_L120_p80,"{""higher_share"": 0.8, ""lookback"": 120}",4,0.8450704225352111,0.8949658105615284,18.710604084224716,-4.081765887571949,0.44516129032258067,False,False
AMD,level_L60_p70,"{""higher_share"": 0.7, ""lookback"": 60}",4,0.7785736530675802,0.8225623573126664,15.73568575435304,4.035178673275551,0.5870967741935483,False,False
AMD,level_L250_p95,"{""higher_share"": 0.95, ""lookback"": 250}",4,0.7643312101910829,0.8487038334010842,31.8441943947903,9.079073877497258,0.2645161290322581,False,False
AMD,level_L120_p95,"{""higher_share"": 0.95, ""lookback"": 120}",4,0.7319056654920032,0.7722044253409567,25.32395606616294,-1.8335603055916712,0.25161290322580643,False,False
AMD,level_L20_p90,"{""higher_share"": 0.9, ""lookback"": 20}",4,0.707234418741712,0.7771926911856311,39.680188242349985,21.06988432732293,0.4129032258064516,False,False
AMD,level_L250_p90,"{""higher_share"": 0.9, ""lookback"": 250}",4,0.6736914838486784,0.7421797517278077,21.96355241428201,-5.171951595239397,0.3096774193548387,False,False
AMD,level_L20_p70,"{""higher_share"": 0.7, ""lookback"": 20}",4,0.6547537852953214,0.7062474735487227,0.05063853933323967,-15.460772642110218,0.567741935483871,False,False
AMD,level_L120_p90,"{""higher_share"": 0.9, ""lookback"": 120}",4,0.6218332565637955,0.712796263405448,18.713242412833257,-1.3413713275981156,0.33548387096774196,False,False
AMD,level_L20_p80,"{""higher_share"": 0.8, ""lookback"": 20}",4,0.6131111460462191,0.7102215944674671,17.65445448428201,2.4232513626220293,0.49032258064516127,False,False
KGS,level_L120_p70,"{""higher_share"": 0.7, ""lookback"": 120}",4,0.9645301804604857,1.041434994923367,21.715491997287486,6.336984339814334,0.5290322580645161,False,False
KGS,level_L250_p80,"{""higher_share"": 0.8, ""lookback"": 250}",4,0.9633911368015413,0.9978537839020122,11.703336019019812,-5.575929616212689,0.4258064516129032,False,False
KGS,level_L250_p70,"{""higher_share"": 0.7, ""lookback"": 250}",4,0.8655293527345709,0.8847715081609018,12.728627635995013,-5.296054295272492,0.4967741935483871,False,False
KGS,level_L120_p80,"{""higher_share"": 0.8, ""lookback"": 120}",4,0.8092797410304828,0.8644428847662832,11.851963871626646,2.431381057847953,0.45806451612903226,False,False
KGS,level_L20_p70,"{""higher_share"": 0.7, ""lookback"": 20}",4,0.7610350076103501,0.7981075637993329,15.178101295579404,-1.8959370437504122,0.5741935483870968,False,False
KGS,level_L20_p80,"{""higher_share"": 0.8, ""lookback"": 20}",4,0.7167106752168994,0.7286382068554614,25.817628606673203,6.677152107113262,0.49032258064516127,False,False
KGS,level_L60_p70,"{""higher_share"": 0.7, ""lookback"": 60}",4,0.711166562694947,0.7158284838398239,7.275390068670057,-4.7995624783014055,0.5483870967741935,False,False
KGS,level_L20_p90,"{""higher_share"": 0.9, ""lookback"": 20}",4,0.7070260715863896,0.741770905330106,34.09833141923916,14.5870554797042,0.41935483870967744,False,False
KGS,level_L20_p95,"{""higher_share"": 0.95, ""lookback"": 20}",4,0.6791940230925968,0.6852924796900305,30.878525089982542,16.16529223260202,0.32903225806451614,False,False
KGS,level_L60_p90,"{""higher_share"": 0.9, ""lookback"": 60}",4,0.6034009873834338,0.6599461457592994,14.335429441228811,-7.980764013449571,0.4,False,False
KGS,level_L60_p95,"{""higher_share"": 0.95, ""lookback"": 60}",4,0.5795981452859352,0.6230918718772819,38.18196744781428,14.959824489034672,0.3225806451612903,False,False
KGS,level_L120_p95,"{""higher_share"": 0.95, ""lookback"": 120}",4,0.5508919202518362,0.6429359709345821,20.510233153437085,-9.904255555036297,0.2838709677419355,False,False
KGS,level_L250_p90,"{""higher_share"": 0.9, ""lookback"": 250}",4,0.5398110661268557,0.5439599848551459,7.566742311110318,-15.290851901678028,0.33548387096774196,False,False
KGS,level_L60_p80,"{""higher_share"": 0.8, ""lookback"": 60}",4,0.4701457451810061,0.5988837942442395,13.094791221173093,-0.3211802129495635,0.47096774193548385,False,False
KGS,level_L250_p95,"{""higher_share"": 0.95, ""lookback"": 250}",4,0.4454342984409799,0.5911299517463384,21.328940700939146,0.43499994019827515,0.2967741935483871,False,False
KGS,level_L120_p90,"{""higher_share"": 0.9, ""lookback"": 120}",4,0.3913894324853229,0.5731545601885959,9.223369753894406,-4.7042770699979926,0.3419354838709677,False,False
KZT,level_L120_p70,"{""higher_share"": 0.7, ""lookback"": 120}",4,1.1888186783763521,1.2603938401283776,26.101357299686885,10.861093707666372,0.5096774193548387,False,False
KZT,level_L120_p90,"{""higher_share"": 0.9, ""lookback"": 120}",4,1.1470447666082524,1.1832556240450978,31.680645686167164,6.54262055914294,0.3419354838709677,False,False
KZT,level_L250_p80,"{""higher_share"": 0.8, ""lookback"": 250}",4,1.0760808004530868,1.1582889930285478,25.59206667184622,6.774254259245883,0.4258064516129032,False,False
KZT,level_L20_p70,"{""higher_share"": 0.7, ""lookback"": 20}",4,1.0458427749694963,1.1292117166822173,36.701860341078266,23.065597807712688,0.6193548387096774,False,False
KZT,level_L20_p95,"{""higher_share"": 0.95, ""lookback"": 20}",4,1.01568068424804,1.1703717257692001,65.33416320864437,39.11837289152047,0.3032258064516129,False,False
KZT,level_L60_p90,"{""higher_share"": 0.9, ""lookback"": 60}",4,1.0119940029985008,1.0869237119875836,40.97699393829812,23.191111254326167,0.4258064516129032,False,False
KZT,level_L120_p95,"{""higher_share"": 0.95, ""lookback"": 120}",4,0.997457461372971,1.0702648218007056,49.49582082648426,17.61230042363717,0.27741935483870966,False,False
KZT,level_L250_p90,"{""higher_share"": 0.9, ""lookback"": 250}",4,0.9542451676046,1.0091331350285602,7.094997701516582,-12.24263918924643,0.33548387096774196,False,False
KZT,level_L60_p95,"{""higher_share"": 0.95, ""lookback"": 60}",4,0.9362460989745874,0.946521791565926,38.277036215860804,17.663642701209643,0.33548387096774196,False,False
KZT,level_L20_p90,"{""higher_share"": 0.9, ""lookback"": 20}",4,0.9051138934982651,1.0096262740656852,50.976969613239504,32.39000109356574,0.432258064516129,False,False
KZT,level_L20_p80,"{""higher_share"": 0.8, ""lookback"": 20}",4,0.8901196716447434,0.9366878148421047,33.29574649440832,19.665283597238677,0.5483870967741935,False,False
KZT,level_L250_p70,"{""higher_share"": 0.7, ""lookback"": 250}",4,0.8879887832995794,0.9020615135703306,6.050646062483624,-13.827625121389762,0.5290322580645161,False,False
KZT,level_L60_p70,"{""higher_share"": 0.7, ""lookback"": 60}",4,0.8784773060029282,0.9046822735401555,8.848901143300369,-4.4959694671585675,0.535483870967742,False,False
KZT,level_L250_p95,"{""higher_share"": 0.95, ""lookback"": 250}",4,0.7611453425154043,0.8877541657491008,29.49677060974108,-0.3927150989714011,0.2967741935483871,False,False
KZT,level_L60_p80,"{""higher_share"": 0.8, ""lookback"": 60}",4,0.6322444678609062,0.6974544475693434,15.81702360667017,-1.0822855265780373,0.5161290322580645,False,False
TJS,level_L250_p80,"{""higher_share"": 0.8, ""lookback"": 250}",4,1.0892116182572613,1.1506632538351118,14.367270888768354,-6.8680993643199155,0.24516129032258063,False,False
TJS,level_L120_p80,"{""higher_share"": 0.8, ""lookback"": 120}",4,1.04818750909885,1.1192893382114755,19.733526498393125,1.5808321043866598,0.3935483870967742,False,False
TJS,level_L20_p70,"{""higher_share"": 0.7, ""lookback"": 20}",4,0.9743910056214866,1.0114463640381968,25.336958102952572,7.641399352425786,0.5161290322580645,False,False
TJS,level_L250_p70,"{""higher_share"": 0.7, ""lookback"": 250}",4,0.8506113769271666,0.9238456408882132,8.233627308906488,-15.611372223417177,0.3225806451612903,False,False
TJS,level_L250_p90,"{""higher_share"": 0.9, ""lookback"": 250}",4,0.8183943881527669,0.8294452730723119,28.927474555521083,-17.034607455831143,0.16774193548387098,False,False
TJS,level_L20_p80,"{""higher_share"": 0.8, ""lookback"": 20}",4,0.8163849899742195,0.8289767512072055,26.59193261813115,5.510429742659627,0.45161290322580644,False,False
TJS,level_L120_p70,"{""higher_share"": 0.7, ""lookback"": 120}",4,0.7871064467766118,0.8826565788277141,18.994556892971445,-0.8713797683479438,0.45806451612903226,False,False
TJS,level_L120_p95,"{""higher_share"": 0.95, ""lookback"": 120}",4,0.7602635580334517,0.8558739426035149,38.841370649710356,-4.309552406994789,0.2,False,False
TJS,level_L20_p95,"{""higher_share"": 0.95, ""lookback"": 20}",4,0.6983511154219205,0.7489969416152722,41.46826376640229,28.964882126984886,0.2967741935483871,False,False
TJS,level_L20_p90,"{""higher_share"": 0.9, ""lookback"": 20}",4,0.6766553890768486,0.7264381838256508,43.66012663727194,20.447577696939888,0.3548387096774194,False,False
TJS,level_L60_p70,"{""higher_share"": 0.7, ""lookback"": 60}",4,0.6708760852407261,0.7018529673226162,13.734561066680405,0.09734429325989258,0.5096774193548387,False,False
TJS,level_L60_p95,"{""higher_share"": 0.95, ""lookback"": 60}",4,0.6705954074375127,0.740876185410208,34.97123195576059,12.545630474034425,0.2838709677419355,False,False
TJS,level_L60_p80,"{""higher_share"": 0.8, ""lookback"": 60}",4,0.6680451725783363,0.6930903417679466,14.796280073328662,-1.1346888744455224,0.432258064516129,False,False
TJS,level_L60_p90,"{""higher_share"": 0.9, ""lookback"": 60}",4,0.6372325898953117,0.6984186132277155,21.087221274385247,-0.9801049627154185,0.33548387096774196,False,False
TJS,level_L120_p90,"{""higher_share"": 0.9, ""lookback"": 120}",4,0.4907975460122699,0.5529051326885002,13.165454293638831,-3.9526646481976715,0.25161290322580643,False,False
UZS,level_L120_p80,"{""higher_share"": 0.8, ""lookback"": 120}",4,0.8969828757814623,0.9493621040277038,6.336524723478769,-5.37839305274036,0.4967741935483871,False,False
UZS,level_L250_p70,"{""higher_share"": 0.7, ""lookback"": 250}",4,0.8738310593285299,0.9328047098262282,3.6507952861801156,-7.689461993807075,0.4838709677419355,False,False
UZS,level_L60_p95,"{""higher_share"": 0.95, ""lookback"": 60}",4,0.8586147681740123,0.9644084758299613,37.2720053406354,11.934406800693003,0.3548387096774194,False,False
UZS,level_L250_p80,"{""higher_share"": 0.8, ""lookback"": 250}",4,0.800152409982854,0.8654290537843896,10.423496974625243,-2.152479306555326,0.3935483870967742,False,False
UZS,level_L120_p70,"{""higher_share"": 0.7, ""lookback"": 120}",4,0.7515209352260527,0.7963136492551561,4.776583809779378,-4.043662006859371,0.5741935483870968,False,False
UZS,level_L250_p90,"{""higher_share"": 0.9, ""lookback"": 250}",4,0.7477906186267845,0.8575092816928476,9.665074951620388,-11.761957552996096,0.32903225806451614,False,False
UZS,level_L60_p70,"{""higher_share"": 0.7, ""lookback"": 60}",4,0.6955177743431221,0.7581952048736795,6.614531279483083,-6.462865523878676,0.5806451612903226,False,False
UZS,level_L120_p95,"{""higher_share"": 0.95, ""lookback"": 120}",4,0.6360985952822688,0.679725884013812,14.981295426178542,-4.418768571346613,0.2838709677419355,False,False
UZS,level_L250_p95,"{""higher_share"": 0.95, ""lookback"": 250}",4,0.6251860672819292,0.7645340155301958,18.025442532350766,1.3332991927050675,0.25161290322580643,False,False
UZS,level_L120_p90,"{""higher_share"": 0.9, ""lookback"": 120}",4,0.6173994387277829,0.7858317964949673,16.3677070680423,4.152795838498868,0.3870967741935484,False,False
UZS,level_L20_p80,"{""higher_share"": 0.8, ""lookback"": 20}",4,0.5874125874125873,0.6321036876687652,24.013580208834107,8.113312888338847,0.49032258064516127,False,False
UZS,level_L20_p70,"{""higher_share"": 0.7, ""lookback"": 20}",4,0.5862646566164155,0.601275432736107,8.282474936356879,-3.9250145051529315,0.5290322580645161,False,False
UZS,level_L20_p90,"{""higher_share"": 0.9, ""lookback"": 20}",4,0.5711565920990005,0.6406140434806367,31.563449114032124,11.232054280092463,0.41935483870967744,False,False
UZS,level_L60_p80,"{""higher_share"": 0.8, ""lookback"": 60}",4,0.5196304849884528,0.6548390658513266,11.925099854405769,-2.615544955587864,0.5096774193548387,False,False
UZS,level_L20_p95,"{""higher_share"": 0.95, ""lookback"": 20}",4,0.5068518866153557,0.5957729541948571,30.858104369885055,18.72503310769153,0.3225806451612903,False,False
UZS,level_L60_p90,"{""higher_share"": 0.9, ""lookback"": 60}",4,0.4585597826086956,0.5456555057943245,9.129090890055297,-4.0649268036713,0.3935483870967742,False,False
