currency,strategy_id,strategy_family,selected_signal_family,policy,horizon,signal_count,total_push_count,evaluated_signal_count,signals_per_week,market_signals_per_week,quality_scope,active_weeks,active_week_share,weekly_count_cv,median_gap_days,p90_gap_days,max_gap_days,hit_rate,hit_target,random_hit_rate_mean,random_hit_rate_p05,random_hit_rate_p95,hit_lift,hit_uplift_ratio,hit_rate_10bp,random_hit_rate_10bp_mean,hit_uplift_ratio_10bp,hit_rate_25bp,random_hit_rate_25bp_mean,hit_uplift_ratio_25bp,forward_hold_rate,random_forward_hold_rate_mean,forward_hold_uplift_ratio,forward_hold_rate_10bp,random_forward_hold_rate_10bp_mean,forward_hold_uplift_ratio_10bp,forward_hold_rate_25bp,random_forward_hold_rate_25bp_mean,forward_hold_uplift_ratio_25bp,local_min_hit_rate,random_local_min_hit_rate_mean,local_min_uplift_ratio,local_min_hit_rate_10bp,random_local_min_hit_rate_10bp_mean,local_min_uplift_ratio_10bp,local_min_hit_rate_25bp,random_local_min_hit_rate_25bp_mean,local_min_uplift_ratio_25bp,hit_p_value,week_matched_random_hit_rate_mean,week_matched_hit_lift,week_matched_hit_p_value,benefit_bps,benefit_ci_low_95,benefit_ci_high_95,benefit_p_value_vs_zero,forward_change_bps,random_forward_change_bps_mean,future_regret_bps,random_future_regret_bps_mean,first_signal,last_signal
AMD,momentum_streak_2d__spike_only,spike_policy,spike_policy,spike_only,2,86,86,86,0.5548387096774193,0.5548387096774193,pure_spike_signals,85,0.5483870967741935,0.9188254076808565,10.0,24.0,46.0,0.27906976744186046,no_lower_price_in_next_h_observations,0.4045348837209302,0.32558139534883723,0.477325581395349,0.6898534061511928,0.6898534061511928,0.313953488372093,0.4564341085271316,0.6878396739130437,0.4186046511627907,0.5279844961240311,0.7928351196593745,0.27906976744186046,0.4045348837209302,0.6898534061511928,0.313953488372093,0.4564341085271316,0.6878396739130437,0.4186046511627907,0.5279844961240311,0.7928351196593745,0.27906976744186046,0.12015503875968993,2.32258064516129,0.313953488372093,0.15476744186046512,2.02854996243426,0.4186046511627907,0.23472868217054266,1.7833553500660502,0.9933554817275747,0.282906976744186,0.9864364981504317,0.6079734219269103,23.251981873234797,16.229566128349852,31.24789017952123,0.0033222591362126247,-45.53611053677255,0.5939577314484581,89.92656013895525,58.86648181213759,2023-09-12,2026-08-22
AMD,momentum_streak_3d__spike_only,spike_policy,spike_policy,spike_only,2,51,51,51,0.32903225806451614,0.32903225806451614,pure_spike_signals,50,0.3225806451612903,1.4691496231317012,17.0,37.60000000000001,68.0,0.3137254901960784,no_lower_price_in_next_h_observations,0.4057516339869282,0.29411764705882354,0.5098039215686274,0.7731958762886596,0.7731958762886596,0.35294117647058826,0.45869281045751636,0.7694499857509262,0.4117647058823529,0.5235947712418301,0.7864186743228061,0.3137254901960784,0.4057516339869282,0.7731958762886596,0.35294117647058826,0.45869281045751636,0.7694499857509262,0.4117647058823529,0.5235947712418301,0.7864186743228061,0.3137254901960784,0.12529411764705883,2.5039123630672924,0.35294117647058826,0.15973856209150325,2.2094926350245503,0.4117647058823529,0.2345098039215686,1.7558528428093647,0.9368770764119602,0.26248366013071894,1.1952191235059761,0.22591362126245848,46.17337232521417,28.55276383435419,67.86270952830652,0.0033222591362126247,-13.702901574438975,0.12837366668230352,77.45209536201283,59.15363787081551,2023-09-13,2026-07-04
AMD,momentum_streak_4d__spike_only,spike_policy,spike_policy,spike_only,2,31,31,31,0.2,0.2,pure_spike_signals,31,0.2,2.0,24.0,70.70000000000002,124.0,0.3225806451612903,no_lower_price_in_next_h_observations,0.41021505376344086,0.2903225806451613,0.5483870967741935,0.7863695937090432,0.7863695937090432,0.3548387096774194,0.4601075268817205,0.7712082262210795,0.3548387096774194,0.5244086021505376,0.6766454787779372,0.3225806451612903,0.41021505376344086,0.7863695937090432,0.3548387096774194,0.4601075268817205,0.7712082262210795,0.3548387096774194,0.5244086021505376,0.6766454787779372,0.3225806451612903,0.1268817204301075,2.5423728813559325,0.3548387096774194,0.15849462365591396,2.238805970149254,0.3548387096774194,0.2356989247311828,1.5054744525547445,0.8870431893687708,0.2063440860215054,1.563314226159458,0.059800664451827246,42.085286912331775,28.213410305487102,55.11668059206261,0.0033222591362126247,-22.01528113334914,0.3235989487592009,77.4342106153126,59.35413090340243,2023-10-04,2026-05-22
AMD,momentum_streak_5d__spike_only,spike_policy,spike_policy,spike_only,2,15,15,15,0.0967741935483871,0.0967741935483871,pure_spike_signals,15,0.0967741935483871,3.055050463303893,31.0,178.00000000000009,241.0,0.4666666666666667,no_lower_price_in_next_h_observations,0.398,0.2,0.6,1.1725293132328307,1.1725293132328307,0.4666666666666667,0.4524444444444445,1.0314341846758348,0.4666666666666667,0.5211111111111111,0.8955223880597015,0.4666666666666667,0.398,1.1725293132328307,0.4666666666666667,0.4524444444444445,1.0314341846758348,0.4666666666666667,0.5211111111111111,0.8955223880597015,0.4666666666666667,0.12844444444444444,3.633217993079585,0.4666666666666667,0.16266666666666665,2.8688524590163937,0.4666666666666667,0.242,1.928374655647383,0.4053156146179402,0.3044444444444444,1.5328467153284673,0.09302325581395349,58.41847453981042,23.838830195911676,104.70826441237723,0.013289036544850499,38.187596481132765,-3.1215734447703563,71.85534675079853,61.178649743198136,2023-10-05,2026-05-13
KGS,momentum_streak_2d__spike_only,spike_policy,spike_policy,spike_only,2,89,89,89,0.5741935483870968,0.5741935483870968,pure_spike_signals,85,0.5483870967741935,0.9476913655712156,9.0,24.0,35.0,0.29213483146067415,no_lower_price_in_next_h_observations,0.3928838951310862,0.3258426966292135,0.47191011235955055,0.7435653002859866,0.7435653002859866,0.34831460674157305,0.46044943820224715,0.7564665690580772,0.39325842696629215,0.5280524344569288,0.7447336690545429,0.29213483146067415,0.3928838951310862,0.7435653002859866,0.34831460674157305,0.46044943820224715,0.7564665690580772,0.39325842696629215,0.5280524344569288,0.7447336690545429,0.29213483146067415,0.11779026217228462,2.4801271860095393,0.34831460674157305,0.17269662921348317,2.0169160702667535,0.39325842696629215,0.2515730337078651,1.5631978561857978,0.9933554817275747,0.26456928838951316,1.104190260475651,0.292358803986711,19.46328723207151,10.507433997830814,27.63538231222282,0.0033222591362126247,-44.98779634381835,-1.7769008368776236,85.69188926950773,58.42130500352701,2023-09-12,2026-08-21
KGS,momentum_streak_3d__spike_only,spike_policy,spike_policy,spike_only,2,55,55,55,0.3548387096774194,0.3548387096774194,pure_spike_signals,54,0.34838709677419355,1.3858792000116003,15.5,39.500000000000014,98.0,0.3090909090909091,no_lower_price_in_next_h_observations,0.39254545454545453,0.2909090909090909,0.4909090909090909,0.7874015748031497,0.7874015748031497,0.4,0.4577575757575757,0.8738249702105125,0.45454545454545453,0.5249090909090908,0.8659508139937654,0.3090909090909091,0.39254545454545453,0.7874015748031497,0.4,0.4577575757575757,0.8738249702105125,0.45454545454545453,0.5249090909090908,0.8659508139937654,0.3090909090909091,0.11945454545454545,2.5875190258751903,0.4,0.1727878787878788,2.3149772009821117,0.45454545454545453,0.247030303030303,1.840039254170756,0.9335548172757475,0.23157575757575757,1.3347291285003926,0.06976744186046512,47.113488585048714,31.283733726504604,71.31400000391312,0.0033222591362126247,-0.7326394554312458,-2.004567374484195,67.0589695855355,58.2553410629947,2023-09-13,2026-08-22
KGS,momentum_streak_4d__spike_only,spike_policy,spike_policy,spike_only,2,32,32,32,0.2064516129032258,0.2064516129032258,pure_spike_signals,32,0.2064516129032258,1.9605483926697653,21.0,70.0,124.0,0.3125,no_lower_price_in_next_h_observations,0.39697916666666666,0.28125,0.53125,0.7871949619522435,0.7871949619522435,0.40625,0.46479166666666666,0.8740475123263111,0.46875,0.5304166666666666,0.8837391987431265,0.3125,0.39697916666666666,0.7871949619522435,0.40625,0.46479166666666666,0.8740475123263111,0.46875,0.5304166666666666,0.8837391987431265,0.3125,0.12010416666666666,2.6019080659150045,0.40625,0.17541666666666667,2.315914489311164,0.46875,0.253125,1.8518518518518519,0.8870431893687708,0.1975,1.5822784810126582,0.05647840531561462,50.820597287161675,30.43211226648443,75.16872782477296,0.0033222591362126247,-1.7220778520776783,-2.241837064144593,58.57028600043411,57.71935673559468,2023-10-25,2026-07-28
KGS,momentum_streak_5d__spike_only,spike_policy,spike_policy,spike_only,2,16,16,16,0.1032258064516129,0.1032258064516129,pure_spike_signals,16,0.1032258064516129,2.9474565306378993,34.0,134.6,202.0,0.375,no_lower_price_in_next_h_observations,0.38395833333333335,0.1875,0.5625,0.9766684753119913,0.9766684753119913,0.375,0.44708333333333333,0.8387698042870456,0.5,0.5122916666666667,0.9760065067100446,0.375,0.38395833333333335,0.9766684753119913,0.375,0.44708333333333333,0.8387698042870456,0.5,0.5122916666666667,0.9760065067100446,0.375,0.1225,3.061224489795918,0.375,0.17895833333333333,2.0954598370197903,0.5,0.24895833333333334,2.00836820083682,0.6212624584717608,0.24645833333333333,1.521555367709214,0.132890365448505,33.19791613664191,16.04378910329703,55.90128729591306,0.009966777408637873,-12.568960542855763,-5.133946113190423,65.1362347860797,59.443831014888325,2023-10-26,2026-05-13
KZT,momentum_streak_2d__spike_only,spike_policy,spike_policy,spike_only,2,95,95,95,0.6129032258064516,0.6129032258064516,pure_spike_signals,90,0.5806451612903226,0.8962834929434947,9.0,18.700000000000003,49.0,0.3684210526315789,no_lower_price_in_next_h_observations,0.3947719298245614,0.3263157894736842,0.47368421052631576,0.9332503777442005,0.9332503777442005,0.37894736842105264,0.4394736842105263,0.8622754491017964,0.5052631578947369,0.5055438596491227,0.9994447529150473,0.3684210526315789,0.3947719298245614,0.9332503777442005,0.37894736842105264,0.4394736842105263,0.8622754491017964,0.5052631578947369,0.5055438596491227,0.9994447529150473,0.3684210526315789,0.14414035087719299,2.555988315481986,0.37894736842105264,0.17831578947368423,2.125147579693034,0.5052631578947369,0.23287719298245615,2.169654964592436,0.7541528239202658,0.3080350877192982,1.1960359949880397,0.10299003322259136,46.50619445060185,30.485452212154854,62.031036449797206,0.0033222591362126247,-1.8897177992189014,-2.105296494171239,72.96467082190709,68.0422161267223,2023-09-12,2026-07-28
KZT,momentum_streak_3d__spike_only,spike_policy,spike_policy,spike_only,2,49,49,49,0.3161290322580645,0.3161290322580645,pure_spike_signals,49,0.3161290322580645,1.4708043058552858,17.0,37.20000000000002,52.0,0.3877551020408163,no_lower_price_in_next_h_observations,0.39693877551020407,0.2857142857142857,0.5102040816326531,0.9768637532133676,0.9768637532133676,0.40816326530612246,0.4444897959183673,0.9182736455463729,0.5102040816326531,0.508639455782313,1.003076100040123,0.3877551020408163,0.39693877551020407,0.9768637532133676,0.40816326530612246,0.4444897959183673,0.9182736455463729,0.5102040816326531,0.508639455782313,1.003076100040123,0.3877551020408163,0.14680272108843537,2.6413345690454126,0.40816326530612246,0.1842176870748299,2.215657311669129,0.5102040816326531,0.2361904761904762,2.160138248847926,0.6112956810631229,0.2555102040816326,1.5175718849840258,0.019933554817275746,50.85517653152517,32.74196977032114,71.07289408334569,0.0033222591362126247,15.297798270266858,-1.7794328049882593,52.059424251754116,67.69479964858074,2023-09-13,2026-06-10
KZT,momentum_streak_4d__spike_only,spike_policy,spike_policy,spike_only,2,26,26,26,0.16774193548387098,0.16774193548387098,pure_spike_signals,26,0.16774193548387098,2.2274511131646557,33.0,79.20000000000002,103.0,0.46153846153846156,no_lower_price_in_next_h_observations,0.39910256410256406,0.23076923076923078,0.5403846153846158,1.1564407324124641,1.1564407324124641,0.5384615384615384,0.4453846153846154,1.2089810017271156,0.6538461538461539,0.5126923076923078,1.2753188297074267,0.46153846153846156,0.39910256410256406,1.1564407324124641,0.5384615384615384,0.4453846153846154,1.2089810017271156,0.6538461538461539,0.5126923076923078,1.2753188297074267,0.46153846153846156,0.14051282051282052,3.2846715328467155,0.5384615384615384,0.17641025641025643,3.0523255813953485,0.6538461538461539,0.2296153846153846,2.847571189279732,0.3521594684385382,0.2997435897435898,1.5397775876817792,0.03986710963455149,59.783176346905414,39.839550606289265,84.25821710638549,0.0033222591362126247,26.19562129266638,1.2028923020548707,46.001080143572764,66.32816138930148,2023-09-22,2026-06-11
KZT,momentum_streak_5d__spike_only,spike_policy,spike_policy,spike_only,2,10,10,10,0.06451612903225806,0.06451612903225806,pure_spike_signals,10,0.06451612903225806,3.807886552931954,106.0,201.4,203.0,0.8,no_lower_price_in_next_h_observations,0.39866666666666667,0.2,0.6,2.0066889632107023,2.0066889632107023,0.8,0.44366666666666665,1.8031555221637867,0.8,0.5159999999999999,1.5503875968992251,0.8,0.39866666666666667,2.0066889632107023,0.8,0.44366666666666665,1.8031555221637867,0.8,0.5159999999999999,1.5503875968992251,0.8,0.13599999999999998,5.882352941176472,0.8,0.1723333333333333,4.642166344294004,0.8,0.22666666666666666,3.5294117647058827,0.006644518272425249,0.3233333333333333,2.474226804123712,0.0033222591362126247,32.5792803189835,1.053642202178711,58.43497531497438,0.009966777408637873,23.760925251967496,2.2022545704031424,64.78640078654419,65.35391215293137,2023-09-23,2026-05-13
TJS,momentum_streak_2d__spike_only,spike_policy,spike_policy,spike_only,2,83,83,83,0.535483870967742,0.535483870967742,pure_spike_signals,82,0.5290322580645161,0.9552325129115563,11.0,24.0,31.0,0.3132530120481928,no_lower_price_in_next_h_observations,0.4137751004016064,0.3373493975903614,0.4939759036144578,0.7570610501795594,0.7570610501795594,0.3493975903614458,0.45726907630522096,0.7640962585631477,0.4578313253012048,0.545582329317269,0.8391608391608392,0.3132530120481928,0.4137751004016064,0.7570610501795594,0.3493975903614458,0.45726907630522096,0.7640962585631477,0.4578313253012048,0.545582329317269,0.8391608391608392,0.3132530120481928,0.11514056224899598,2.720613882106732,0.3493975903614458,0.15277108433734937,2.2870662460567828,0.4578313253012048,0.22751004016064258,2.012356575463371,0.9800664451827242,0.2849397590361446,1.0993657505285412,0.3122923588039867,28.16565980116102,14.124520075123723,42.30092219380275,0.0033222591362126247,-40.983141777056055,0.8557064906901547,87.1220861400859,58.312301176892774,2023-09-12,2026-08-21
TJS,momentum_streak_3d__spike_only,spike_policy,spike_policy,spike_only,2,49,49,49,0.3161290322580645,0.3161290322580645,pure_spike_signals,49,0.3161290322580645,1.4708043058552858,17.5,43.0,129.0,0.2653061224489796,no_lower_price_in_next_h_observations,0.42421768707482993,0.32653061224489793,0.5306122448979592,0.6254008980115459,0.6254008980115459,0.32653061224489793,0.46802721088435373,0.6976744186046512,0.3877551020408163,0.5599319727891157,0.6925039484874256,0.2653061224489796,0.42421768707482993,0.6254008980115459,0.32653061224489793,0.46802721088435373,0.6976744186046512,0.3877551020408163,0.5599319727891157,0.6925039484874256,0.2653061224489796,0.1186394557823129,2.236238532110092,0.32653061224489793,0.155578231292517,2.09881941407958,0.3877551020408163,0.23442176870748294,1.654091700522345,0.9966777408637874,0.2510884353741496,1.0566242210782988,0.4219269102990033,34.69571931780236,19.910293169113523,49.80044395595844,0.0033222591362126247,-33.268685871006646,4.6505698823264385,76.12467902803357,55.88405351085416,2023-09-13,2026-08-22
TJS,momentum_streak_4d__spike_only,spike_policy,spike_policy,spike_only,2,28,28,28,0.18064516129032257,0.18064516129032257,pure_spike_signals,28,0.18064516129032257,2.129721645125082,25.0,70.80000000000001,135.0,0.2857142857142857,no_lower_price_in_next_h_observations,0.4228571428571429,0.25,0.5714285714285714,0.6756756756756757,0.6756756756756757,0.32142857142857145,0.4658333333333333,0.6900076667518529,0.39285714285714285,0.5554761904761903,0.7072438919845694,0.2857142857142857,0.4228571428571429,0.6756756756756757,0.32142857142857145,0.4658333333333333,0.6900076667518529,0.39285714285714285,0.5554761904761903,0.7072438919845694,0.2857142857142857,0.12095238095238095,2.3622047244094486,0.32142857142857145,0.15892857142857142,2.0224719101123596,0.39285714285714285,0.23428571428571426,1.676829268292683,0.946843853820598,0.21821428571428564,1.3093289689034373,0.23588039867109634,53.616599775318015,31.19876586618985,74.94908768586447,0.0033222591362126247,-0.11131508845213745,4.169803111199804,61.44835459697922,56.28099332659641,2023-10-25,2026-05-13
TJS,momentum_streak_5d__spike_only,spike_policy,spike_policy,spike_only,2,16,16,16,0.1032258064516129,0.1032258064516129,pure_spike_signals,16,0.1032258064516129,2.947456530637899,34.0,114.39999999999999,241.0,0.375,no_lower_price_in_next_h_observations,0.43354166666666666,0.25,0.625,0.8649687650168189,0.8649687650168189,0.375,0.475,0.7894736842105263,0.5,0.5583333333333333,0.8955223880597015,0.375,0.43354166666666666,0.8649687650168189,0.375,0.475,0.7894736842105263,0.5,0.5583333333333333,0.8955223880597015,0.375,0.121875,3.076923076923077,0.375,0.15770833333333334,2.3778071334214004,0.5,0.23354166666666668,2.1409455842997325,0.7774086378737541,0.27666666666666667,1.355421686746988,0.23588039867109634,30.00311452056453,12.24953357683458,52.62107646353739,0.013289036544850499,-13.237432309985978,7.341808322646973,69.29211181610037,56.5283951071092,2023-10-26,2026-05-14
UZS,momentum_streak_2d__spike_only,spike_policy,spike_policy,spike_only,2,88,88,88,0.567741935483871,0.567741935483871,pure_spike_signals,85,0.5483870967741935,0.9388592075334022,10.0,22.0,36.0,0.3181818181818182,no_lower_price_in_next_h_observations,0.41037878787878784,0.32897727272727273,0.5,0.7753369023444712,0.7753369023444712,0.36363636363636365,0.4675,0.7778317938745746,0.4090909090909091,0.525189393939394,0.7789397764154344,0.3181818181818182,0.41037878787878784,0.7753369023444712,0.36363636363636365,0.4675,0.7778317938745746,0.4090909090909091,0.525189393939394,0.7789397764154344,0.3181818181818182,0.12515151515151515,2.542372881355932,0.36363636363636365,0.17367424242424243,2.093784078516903,0.4090909090909091,0.24083333333333334,1.6986473733878578,0.973421926910299,0.3114772727272727,1.0215249908792412,0.4750830564784053,30.151319986955368,20.29289663972866,40.527528430083045,0.0033222591362126247,-35.18943204557649,-0.7702365345633155,88.03280984704745,62.03570136486396,2023-09-12,2026-08-22
UZS,momentum_streak_3d__spike_only,spike_policy,spike_policy,spike_only,2,53,53,53,0.3419354838709677,0.3419354838709677,pure_spike_signals,53,0.3419354838709677,1.3872736939359847,15.5,35.9,68.0,0.4528301886792453,no_lower_price_in_next_h_observations,0.4088679245283019,0.3018867924528302,0.5094339622641509,1.1075219197046609,1.1075219197046609,0.49056603773584906,0.4650314465408805,1.0549093859886394,0.5471698113207547,0.5223270440251573,1.0475617098133654,0.4528301886792453,0.4088679245283019,1.1075219197046609,0.49056603773584906,0.4650314465408805,1.0549093859886394,0.5471698113207547,0.5223270440251573,1.0475617098133654,0.4528301886792453,0.12559748427672957,3.605408112168252,0.49056603773584906,0.17685534591194965,2.773826458036985,0.5471698113207547,0.2461006289308176,2.2233580373115256,0.3089700996677741,0.2915723270440252,1.5530629853321827,0.009966777408637873,58.92813898707147,42.05610912418115,75.93901532938625,0.0033222591362126247,12.466804765444364,-2.3658740624834627,59.08052262291295,63.02418429555351,2023-09-13,2026-06-11
UZS,momentum_streak_4d__spike_only,spike_policy,spike_policy,spike_only,2,28,28,28,0.18064516129032257,0.18064516129032257,pure_spike_signals,28,0.18064516129032257,2.129721645125082,27.0,64.60000000000001,132.0,0.2857142857142857,no_lower_price_in_next_h_observations,0.41738095238095235,0.2857142857142857,0.5714285714285714,0.6845407872219054,0.6845407872219054,0.39285714285714285,0.4766666666666667,0.8241758241758241,0.42857142857142855,0.5373809523809524,0.7975188303057155,0.2857142857142857,0.41738095238095235,0.6845407872219054,0.39285714285714285,0.4766666666666667,0.8241758241758241,0.42857142857142855,0.5373809523809524,0.7975188303057155,0.2857142857142857,0.12559523809523807,2.274881516587678,0.39285714285714285,0.17988095238095236,2.183984116479153,0.42857142857142855,0.25083333333333335,1.7085904129093497,0.9568106312292359,0.19642857142857142,1.4545454545454546,0.15946843853820597,40.94771842976824,25.320605233689108,56.43777289975669,0.0033222591362126247,-26.014760635890337,0.017539945041751253,71.30925059630874,61.56266044228447,2023-10-25,2026-05-21
UZS,momentum_streak_5d__spike_only,spike_policy,spike_policy,spike_only,2,16,16,16,0.1032258064516129,0.1032258064516129,pure_spike_signals,16,0.1032258064516129,2.947456530637899,34.0,123.79999999999998,195.0,0.375,no_lower_price_in_next_h_observations,0.41479166666666667,0.1875,0.625,0.9040683073832245,0.9040683073832245,0.5625,0.47291666666666665,1.1894273127753305,0.625,0.5272916666666667,1.1853022520742789,0.375,0.41479166666666667,0.9040683073832245,0.5625,0.47291666666666665,1.1894273127753305,0.625,0.5272916666666667,1.1853022520742789,0.375,0.12979166666666667,2.889245585874799,0.5625,0.18125,3.103448275862069,0.625,0.25395833333333334,2.461033634126333,0.7275747508305648,0.20291666666666666,1.8480492813141685,0.04983388704318937,34.80147074065736,12.695245721545655,63.80559648465747,0.0033222591362126247,-7.323012237241821,-0.8152668838587501,65.005462998457,62.5941160471646,2023-10-26,2026-05-13
AMD,momentum_streak_2d__spike_only,spike_policy,spike_policy,spike_only,3,86,86,86,0.5548387096774193,0.5548387096774193,pure_spike_signals,85,0.5483870967741935,0.9188254076808565,10.0,24.0,46.0,0.26744186046511625,no_lower_price_in_next_h_observations,0.3478294573643411,0.27906976744186046,0.4186046511627907,0.7688878983730776,0.7688878983730776,0.27906976744186046,0.390891472868217,0.7139315815567675,0.3488372093023256,0.44949612403100775,0.7760627748555661,0.26744186046511625,0.3478294573643411,0.7688878983730776,0.27906976744186046,0.390891472868217,0.7139315815567675,0.3488372093023256,0.44949612403100775,0.7760627748555661,0.23255813953488372,0.09383720930232559,2.4783147459727384,0.2441860465116279,0.11558139534883721,2.112676056338028,0.32558139534883723,0.1696124031007752,1.9195612431444242,0.973421926910299,0.23213178294573641,1.1521122057104691,0.23920265780730898,21.430240566125928,13.38874623425493,31.38826259262006,0.0033222591362126247,-35.88492620583144,-0.381710780115052,110.68397917702879,82.56460527785015,2023-09-12,2026-08-22
AMD,momentum_streak_3d__spike_only,spike_policy,spike_policy,spike_only,3,51,51,51,0.32903225806451614,0.32903225806451614,pure_spike_signals,50,0.3225806451612903,1.4691496231317012,17.0,37.60000000000001,68.0,0.3137254901960784,no_lower_price_in_next_h_observations,0.3511111111111111,0.2549019607843137,0.45098039215686275,0.8935219657483247,0.8935219657483247,0.3333333333333333,0.39398692810457514,0.8460517584605176,0.35294117647058826,0.4498039215686274,0.7846556233653009,0.3137254901960784,0.3511111111111111,0.8935219657483247,0.3333333333333333,0.39398692810457514,0.8460517584605176,0.35294117647058826,0.4498039215686274,0.7846556233653009,0.3137254901960784,0.09366013071895427,3.3496161898115835,0.3333333333333333,0.11601307189542484,2.873239436619718,0.35294117647058826,0.17117647058823526,2.0618556701030935,0.7674418604651163,0.23313725490196077,1.3456686291000841,0.10299003322259136,63.35479811291491,40.68635292967436,90.8467811253308,0.0033222591362126247,-14.85249492234624,-1.174714148267564,106.46417606962825,82.23201822380001,2023-09-13,2026-07-04
AMD,momentum_streak_4d__spike_only,spike_policy,spike_policy,spike_only,3,31,31,31,0.2,0.2,pure_spike_signals,31,0.2,2.0,24.0,70.70000000000002,124.0,0.2903225806451613,no_lower_price_in_next_h_observations,0.34677419354838707,0.1935483870967742,0.4838709677419355,0.8372093023255816,0.8372093023255816,0.3225806451612903,0.3864516129032259,0.8347245409015023,0.3225806451612903,0.4467741935483872,0.7220216606498193,0.2903225806451613,0.34677419354838707,0.8372093023255816,0.3225806451612903,0.3864516129032259,0.8347245409015023,0.3225806451612903,0.4467741935483872,0.7220216606498193,0.2903225806451613,0.09397849462365591,3.0892448512585813,0.3225806451612903,0.11397849462365592,2.830188679245283,0.3225806451612903,0.1713978494623656,1.8820577164366372,0.8305647840531561,0.16688172043010752,1.7396907216494848,0.036544850498338874,59.566840830540905,41.74819447924786,76.90461251017943,0.0033222591362126247,-22.66596930998589,-0.8785589253283992,101.70739828603934,83.02453642746973,2023-10-04,2026-05-22
AMD,momentum_streak_5d__spike_only,spike_policy,spike_policy,spike_only,3,15,15,15,0.0967741935483871,0.0967741935483871,pure_spike_signals,15,0.0967741935483871,3.055050463303893,31.0,178.00000000000009,241.0,0.4,no_lower_price_in_next_h_observations,0.352,0.13333333333333333,0.5333333333333333,1.1363636363636365,1.1363636363636365,0.4,0.40155555555555555,0.9961261759822911,0.4,0.4626666666666667,0.8645533141210374,0.4,0.352,1.1363636363636365,0.4,0.40155555555555555,0.9961261759822911,0.4,0.4626666666666667,0.8645533141210374,0.4,0.09044444444444444,4.422604422604423,0.4,0.11466666666666667,3.488372093023256,0.4,0.17088888888888887,2.340702210663199,0.46511627906976744,0.2797777777777778,1.4297061159650517,0.15946843853820597,87.07140665459269,35.869790157903964,148.35257512413918,0.006644518272425249,54.14210331945667,0.857313375888306,86.47880201975984,79.68137897021923,2023-10-05,2026-05-13
KGS,momentum_streak_2d__spike_only,spike_policy,spike_policy,spike_only,3,89,89,89,0.5741935483870968,0.5741935483870968,pure_spike_signals,85,0.5483870967741935,0.9476913655712156,9.0,24.0,35.0,0.2808988764044944,no_lower_price_in_next_h_observations,0.3470411985018727,0.25842696629213485,0.42696629213483145,0.8094107489747463,0.8094107489747463,0.30337078651685395,0.39131086142322097,0.7752679938744258,0.34831460674157305,0.45662921348314606,0.7627952755905513,0.2808988764044944,0.3470411985018727,0.8094107489747463,0.30337078651685395,0.39131086142322097,0.7752679938744258,0.34831460674157305,0.45662921348314606,0.7627952755905513,0.2247191011235955,0.0947565543071161,2.3715415019762847,0.2808988764044944,0.1242696629213483,2.2603978300180834,0.33707865168539325,0.19183520599250936,1.757126122608356,0.9102990033222591,0.22397003745318347,1.2541806020066892,0.11295681063122924,17.309342122854265,8.106034893287472,26.26225690481455,0.0033222591362126247,-32.323312108656296,-2.974449579047339,103.43285865661846,80.60272713486022,2023-09-12,2026-08-21
KGS,momentum_streak_3d__spike_only,spike_policy,spike_policy,spike_only,3,55,55,55,0.3548387096774194,0.3548387096774194,pure_spike_signals,54,0.34838709677419355,1.3858792000116003,15.5,39.500000000000014,98.0,0.3090909090909091,no_lower_price_in_next_h_observations,0.34393939393939393,0.23636363636363636,0.43636363636363634,0.8986784140969163,0.8986784140969163,0.32727272727272727,0.3908484848484849,0.8373391223445494,0.38181818181818183,0.453030303030303,0.8428093645484951,0.3090909090909091,0.34393939393939393,0.8986784140969163,0.32727272727272727,0.3908484848484849,0.8373391223445494,0.38181818181818183,0.453030303030303,0.8428093645484951,0.3090909090909091,0.09466666666666668,3.2650448143405884,0.32727272727272727,0.12406060606060604,2.6380068392769913,0.38181818181818183,0.19024242424242424,2.007008601465435,0.7375415282392026,0.19993939393939392,1.5459230069718097,0.023255813953488372,62.38416210921986,40.92915704142034,86.87921607737016,0.0033222591362126247,-10.256627795272943,-2.6847489796921544,94.49765414811178,80.30432035742844,2023-09-13,2026-08-22
KGS,momentum_streak_4d__spike_only,spike_policy,spike_policy,spike_only,3,32,32,32,0.2064516129032258,0.2064516129032258,pure_spike_signals,32,0.2064516129032258,1.9605483926697653,21.0,70.0,124.0,0.25,no_lower_price_in_next_h_observations,0.3453125,0.21875,0.5,0.7239819004524887,0.7239819004524887,0.28125,0.3909375,0.7194244604316546,0.3125,0.45510416666666664,0.686655985351339,0.25,0.3453125,0.7239819004524887,0.28125,0.3909375,0.7194244604316546,0.3125,0.45510416666666664,0.686655985351339,0.25,0.100625,2.484472049689441,0.28125,0.13364583333333332,2.1044427123928293,0.3125,0.19489583333333332,1.6034206306787815,0.9069767441860465,0.15,1.6666666666666667,0.05647840531561462,64.94003210302284,40.78949123433733,91.61972737659255,0.0033222591362126247,-21.662625802253523,-4.167117654635333,88.94700845883168,81.23954692991366,2023-10-25,2026-07-28
KGS,momentum_streak_5d__spike_only,spike_policy,spike_policy,spike_only,3,16,16,16,0.1032258064516129,0.1032258064516129,pure_spike_signals,16,0.1032258064516129,2.9474565306378993,34.0,134.6,202.0,0.3125,no_lower_price_in_next_h_observations,0.343125,0.125,0.5625,0.9107468123861566,0.9107468123861566,0.3125,0.390625,0.8,0.4375,0.45645833333333335,0.9584664536741213,0.3125,0.343125,0.9107468123861566,0.3125,0.390625,0.8,0.4375,0.45645833333333335,0.9584664536741213,0.3125,0.09395833333333334,3.325942350332594,0.3125,0.120625,2.5906735751295336,0.4375,0.18458333333333332,2.3702031602708806,0.7043189368770764,0.21666666666666667,1.4423076923076923,0.2026578073089701,51.96864133115466,27.146997194761486,75.27678101256731,0.0033222591362126247,-18.882791004509325,-1.709444693743328,83.69411292360019,79.7090758840775,2023-10-26,2026-05-13
KZT,momentum_streak_2d__spike_only,spike_policy,spike_policy,spike_only,3,95,95,95,0.6129032258064516,0.6129032258064516,pure_spike_signals,90,0.5806451612903226,0.8962834929434947,9.0,18.700000000000003,49.0,0.30526315789473685,no_lower_price_in_next_h_observations,0.32571929824561396,0.25263157894736843,0.4,0.9371970268232255,0.9371970268232255,0.3263157894736842,0.37021052631578943,0.8814330395223203,0.4105263157894737,0.43115789473684213,0.9521484375,0.30526315789473685,0.32571929824561396,0.9371970268232255,0.3263157894736842,0.37021052631578943,0.8814330395223203,0.4105263157894737,0.43115789473684213,0.9521484375,0.25263157894736843,0.10122807017543861,2.4956672443674175,0.2736842105263158,0.12989473684210529,2.106969205834684,0.3368421052631579,0.17750877192982456,1.8976082229689661,0.7142857142857143,0.23196491228070176,1.3159885040084707,0.04318936877076412,45.654072275283724,30.83064833145695,62.70312836973308,0.0033222591362126247,1.0129009804161715,-3.626932003714458,90.0574163148982,91.76941849831684,2023-09-12,2026-07-28
KZT,momentum_streak_3d__spike_only,spike_policy,spike_policy,spike_only,3,49,49,49,0.3161290322580645,0.3161290322580645,pure_spike_signals,49,0.3161290322580645,1.4708043058552858,17.0,37.20000000000002,52.0,0.30612244897959184,no_lower_price_in_next_h_observations,0.322108843537415,0.22448979591836735,0.40816326530612246,0.9503695881731784,0.9503695881731784,0.32653061224489793,0.3663265306122449,0.8913649025069637,0.4489795918367347,0.4270068027210884,1.0514577027242316,0.30612244897959184,0.322108843537415,0.9503695881731784,0.32653061224489793,0.3663265306122449,0.8913649025069637,0.4489795918367347,0.4270068027210884,1.0514577027242316,0.30612244897959184,0.1029251700680272,2.9742233972240584,0.32653061224489793,0.13333333333333333,2.4489795918367347,0.4489795918367347,0.17952380952380953,2.5009473285335355,0.6777408637873754,0.1985034013605442,1.5421521590130227,0.019933554817275746,70.49720693510987,49.73980577386657,89.12108417949739,0.0033222591362126247,0.8301068659616904,-7.173573117604701,82.59170786525985,93.66637719859536,2023-09-13,2026-06-10
KZT,momentum_streak_4d__spike_only,spike_policy,spike_policy,spike_only,3,26,26,26,0.16774193548387098,0.16774193548387098,pure_spike_signals,26,0.16774193548387098,2.2274511131646557,33.0,79.20000000000002,103.0,0.4230769230769231,no_lower_price_in_next_h_observations,0.3294871794871795,0.19230769230769232,0.5,1.284046692607004,1.284046692607004,0.46153846153846156,0.37461538461538463,1.2320328542094456,0.5769230769230769,0.43397435897435893,1.329394387001477,0.4230769230769231,0.3294871794871795,1.284046692607004,0.46153846153846156,0.37461538461538463,1.2320328542094456,0.5769230769230769,0.43397435897435893,1.329394387001477,0.4230769230769231,0.10474358974358974,4.039167686658507,0.46153846153846156,0.13512820512820514,3.415559772296015,0.5769230769230769,0.17897435897435898,3.22349570200573,0.23255813953488372,0.2664102564102564,1.5880654475457172,0.026578073089700997,75.29861149150263,52.964871377667855,110.72154373782887,0.0033222591362126247,3.7769408972117167,-4.862330830915885,67.8742745440808,91.8714106633212,2023-09-22,2026-06-11
KZT,momentum_streak_5d__spike_only,spike_policy,spike_policy,spike_only,3,10,10,10,0.06451612903225806,0.06451612903225806,pure_spike_signals,10,0.06451612903225806,3.807886552931954,106.0,201.4,203.0,0.7,no_lower_price_in_next_h_observations,0.3253333333333333,0.1,0.6,2.151639344262295,2.151639344262295,0.7,0.37233333333333335,1.8800358102059085,0.7,0.43166666666666664,1.6216216216216217,0.7,0.3253333333333333,2.151639344262295,0.7,0.37233333333333335,1.8800358102059085,0.7,0.43166666666666664,1.6216216216216217,0.7,0.09766666666666667,7.167235494880546,0.7,0.12633333333333335,5.5408970976253284,0.7,0.1726666666666667,4.0540540540540535,0.026578073089700997,0.282,2.4822695035460995,0.006644518272425249,53.21001750145681,14.887774419734706,87.40648166867324,0.0033222591362126247,19.864239683844993,-2.3211105197003543,88.40331714440408,93.26411566645575,2023-09-23,2026-05-13
TJS,momentum_streak_2d__spike_only,spike_policy,spike_policy,spike_only,3,83,83,83,0.535483870967742,0.535483870967742,pure_spike_signals,82,0.5290322580645161,0.9552325129115563,11.0,24.0,31.0,0.30120481927710846,no_lower_price_in_next_h_observations,0.38044176706827304,0.30120481927710846,0.4578313253012048,0.7917238467222635,0.7917238467222635,0.3373493975903614,0.42028112449799193,0.802675585284281,0.37349397590361444,0.48445783132530135,0.7709524993782638,0.30120481927710846,0.38044176706827304,0.7917238467222635,0.3373493975903614,0.42028112449799193,0.802675585284281,0.37349397590361444,0.48445783132530135,0.7709524993782638,0.2891566265060241,0.09718875502008033,2.975206611570248,0.30120481927710846,0.12004016064257028,2.5092004014720644,0.3373493975903614,0.1702409638554217,1.9815994338287328,0.9634551495016611,0.23574297188755017,1.2776831345826238,0.06312292358803986,26.609161529681394,11.948844880168199,44.173627946670614,0.006644518272425249,-31.408338239352247,5.394453138567932,105.08002618626071,78.4761545217648,2023-09-12,2026-08-21
TJS,momentum_streak_3d__spike_only,spike_policy,spike_policy,spike_only,3,49,49,49,0.3161290322580645,0.3161290322580645,pure_spike_signals,49,0.3161290322580645,1.4708043058552858,17.5,43.0,129.0,0.2653061224489796,no_lower_price_in_next_h_observations,0.3729251700680272,0.2653061224489796,0.4897959183673469,0.7114191900766144,0.7114191900766144,0.2653061224489796,0.4158503401360544,0.6379846229347294,0.30612244897959184,0.4846938775510205,0.6315789473684209,0.2653061224489796,0.3729251700680272,0.7114191900766144,0.2653061224489796,0.4158503401360544,0.6379846229347294,0.30612244897959184,0.4846938775510205,0.6315789473684209,0.2653061224489796,0.09959183673469388,2.6639344262295084,0.2653061224489796,0.1235374149659864,2.147577092511013,0.30612244897959184,0.17564625850340135,1.7428350116189002,0.9634551495016611,0.2182312925170068,1.2157107231920201,0.21262458471760798,50.46359584362793,32.30338177080257,66.72401446425395,0.0033222591362126247,-30.356583346201734,3.7547440010585493,106.57891474268767,79.06826948303822,2023-09-13,2026-08-22
TJS,momentum_streak_4d__spike_only,spike_policy,spike_policy,spike_only,3,28,28,28,0.18064516129032257,0.18064516129032257,pure_spike_signals,28,0.18064516129032257,2.129721645125082,25.0,70.80000000000001,135.0,0.21428571428571427,no_lower_price_in_next_h_observations,0.3786904761904762,0.21428571428571427,0.5357142857142857,0.565859792518076,0.565859792518076,0.25,0.4192857142857143,0.5962521294718909,0.2857142857142857,0.4852380952380952,0.5888125613346419,0.21428571428571427,0.3786904761904762,0.565859792518076,0.25,0.4192857142857143,0.5962521294718909,0.2857142857142857,0.4852380952380952,0.5888125613346419,0.21428571428571427,0.09547619047619046,2.2443890274314215,0.25,0.11976190476190476,2.0874751491053676,0.2857142857142857,0.175,1.6326530612244898,0.9700996677740864,0.17309523809523808,1.237964236588721,0.33222591362126247,69.27242822920367,43.23609182529892,103.71575475920837,0.0033222591362126247,-20.986392180727993,7.833194152050731,94.01225859118995,77.21630042193274,2023-10-25,2026-05-13
TJS,momentum_streak_5d__spike_only,spike_policy,spike_policy,spike_only,3,16,16,16,0.1032258064516129,0.1032258064516129,pure_spike_signals,16,0.1032258064516129,2.947456530637899,34.0,114.39999999999999,241.0,0.3125,no_lower_price_in_next_h_observations,0.38,0.1875,0.5625,0.8223684210526315,0.8223684210526315,0.3125,0.42291666666666666,0.7389162561576355,0.375,0.49395833333333333,0.7591733445803458,0.3125,0.38,0.8223684210526315,0.3125,0.42291666666666666,0.7389162561576355,0.375,0.49395833333333333,0.7591733445803458,0.3125,0.09395833333333334,3.325942350332594,0.3125,0.11479166666666667,2.722323049001815,0.375,0.16875,2.222222222222222,0.8039867109634552,0.22895833333333335,1.3648771610555048,0.2691029900332226,46.74426496687062,25.35613459440121,73.5161993944225,0.0033222591362126247,-22.631191205810044,7.369441709095314,90.8417785331514,77.46179569818287,2023-10-26,2026-05-14
UZS,momentum_streak_2d__spike_only,spike_policy,spike_policy,spike_only,3,88,88,88,0.567741935483871,0.567741935483871,pure_spike_signals,85,0.5483870967741935,0.9388592075334022,10.0,22.0,36.0,0.29545454545454547,no_lower_price_in_next_h_observations,0.356780303030303,0.29488636363636367,0.4323863636363638,0.8281133878331034,0.8281133878331034,0.3409090909090909,0.4013257575757576,0.8494572911750824,0.38636363636363635,0.45375,0.8514901076884548,0.29545454545454547,0.356780303030303,0.8281133878331034,0.3409090909090909,0.4013257575757576,0.8494572911750824,0.38636363636363635,0.45375,0.8514901076884548,0.26136363636363635,0.09871212121212121,2.6477359938603224,0.3068181818181818,0.12791666666666668,2.398578620076991,0.3522727272727273,0.1834848484848485,1.9199009083402145,0.9501661129568106,0.24996212121212125,1.1819972723139869,0.14950166112956811,31.33630654765026,17.887106390109253,44.59495121106296,0.0033222591362126247,-18.096682472208705,-0.5272968662855443,104.35240098297912,85.8915630060186,2023-09-12,2026-08-22
UZS,momentum_streak_3d__spike_only,spike_policy,spike_policy,spike_only,3,53,53,53,0.3419354838709677,0.3419354838709677,pure_spike_signals,53,0.3419354838709677,1.3872736939359847,15.5,35.9,68.0,0.37735849056603776,no_lower_price_in_next_h_observations,0.3517610062893082,0.24528301886792453,0.4528301886792453,1.0727695333452532,1.0727695333452532,0.41509433962264153,0.39496855345911946,1.050955414012739,0.4528301886792453,0.45182389937106926,1.0022271714922049,0.37735849056603776,0.3517610062893082,1.0727695333452532,0.41509433962264153,0.39496855345911946,1.050955414012739,0.4528301886792453,0.45182389937106926,1.0022271714922049,0.37735849056603776,0.09345911949685534,4.037685060565276,0.41509433962264153,0.12415094339622641,3.3434650455927053,0.4528301886792453,0.18257861635220124,2.4801929038925254,0.4152823920265781,0.23767295597484273,1.5877216194760522,0.009966777408637873,79.92423587071822,60.11007707423164,108.5311134482451,0.0033222591362126247,7.446792503088297,-1.5546942255670728,86.2031213476848,86.01184417380409,2023-09-13,2026-06-11
UZS,momentum_streak_4d__spike_only,spike_policy,spike_policy,spike_only,3,28,28,28,0.18064516129032257,0.18064516129032257,pure_spike_signals,28,0.18064516129032257,2.129721645125082,27.0,64.60000000000001,132.0,0.25,no_lower_price_in_next_h_observations,0.3573809523809524,0.21428571428571427,0.5,0.6995336442371751,0.6995336442371751,0.2857142857142857,0.4055952380952381,0.7044320516583503,0.35714285714285715,0.45928571428571424,0.7776049766718508,0.25,0.3573809523809524,0.6995336442371751,0.2857142857142857,0.4055952380952381,0.7044320516583503,0.35714285714285715,0.45928571428571424,0.7776049766718508,0.25,0.09488095238095237,2.6348808030112925,0.2857142857142857,0.12797619047619047,2.2325581395348837,0.35714285714285715,0.18833333333333332,1.8963337547408345,0.920265780730897,0.14833333333333334,1.6853932584269662,0.12624584717607973,60.81648837736638,39.406672816588696,82.98355773088073,0.0033222591362126247,-35.215042379883684,-2.6674345202037943,95.14236038882845,86.7584353728729,2023-10-25,2026-05-21
UZS,momentum_streak_5d__spike_only,spike_policy,spike_policy,spike_only,3,16,16,16,0.1032258064516129,0.1032258064516129,pure_spike_signals,16,0.1032258064516129,2.947456530637899,34.0,123.79999999999998,195.0,0.3125,no_lower_price_in_next_h_observations,0.35541666666666666,0.1875,0.5625,0.8792497069167644,0.8792497069167644,0.4375,0.403125,1.0852713178294573,0.5,0.458125,1.0914051841746248,0.3125,0.35541666666666666,0.8792497069167644,0.4375,0.403125,1.0852713178294573,0.5,0.458125,1.0914051841746248,0.3125,0.095,3.289473684210526,0.4375,0.12395833333333334,3.5294117647058822,0.5,0.18333333333333332,2.7272727272727275,0.7508305647840532,0.15416666666666667,2.0270270270270268,0.059800664451827246,54.09875103831375,29.23452292521726,81.52543265724758,0.0033222591362126247,-13.185716807351396,-3.3444444426838125,80.66113042177567,86.91997007098954,2023-10-26,2026-05-13
AMD,momentum_streak_2d__spike_only,spike_policy,spike_policy,spike_only,4,86,86,86,0.5548387096774193,0.5548387096774193,pure_spike_signals,85,0.5483870967741935,0.9188254076808565,10.0,24.0,46.0,0.2441860465116279,no_lower_price_in_next_h_observations,0.3182558139534884,0.2441860465116279,0.3953488372093023,0.7672634271099743,0.7672634271099743,0.26744186046511625,0.35007751937984494,0.7639503985828167,0.3372093023255814,0.4014728682170542,0.8399304885112957,0.2441860465116279,0.3182558139534884,0.7672634271099743,0.26744186046511625,0.35007751937984494,0.7639503985828167,0.3372093023255814,0.4014728682170542,0.8399304885112957,0.16279069767441862,0.07562015503875968,2.1527421834956435,0.16279069767441862,0.09,1.8087855297157625,0.2441860465116279,0.12868217054263564,1.8975903614457832,0.9634551495016611,0.20937984496124032,1.1662347278785634,0.23255813953488372,18.92016596263215,7.954362358954622,31.42645809076671,0.0033222591362126247,-32.24181424716135,-2.9797973194857716,132.40094793573056,105.42209700372953,2023-09-12,2026-08-22
AMD,momentum_streak_3d__spike_only,spike_policy,spike_policy,spike_only,4,51,51,51,0.32903225806451614,0.32903225806451614,pure_spike_signals,50,0.3225806451612903,1.4691496231317012,17.0,37.60000000000001,68.0,0.3137254901960784,no_lower_price_in_next_h_observations,0.3211764705882353,0.2343137254901961,0.43235294117647083,0.9768009768009768,0.9768009768009768,0.3333333333333333,0.35398692810457516,0.9416543574593795,0.35294117647058826,0.4037908496732026,0.8740692780835222,0.3137254901960784,0.3211764705882353,0.9768009768009768,0.3333333333333333,0.35398692810457516,0.9416543574593795,0.35294117647058826,0.4037908496732026,0.8740692780835222,0.3137254901960784,0.07196078431372549,4.35967302452316,0.3137254901960784,0.08764705882352941,3.5794183445190155,0.3333333333333333,0.1288888888888889,2.586206896551724,0.5548172757475083,0.1981045751633987,1.583635763774332,0.009966777408637873,65.15346083280903,40.30290759646084,96.84588533720905,0.0033222591362126247,-22.88084457287669,-1.662716302295857,126.13169241403975,104.23017078896973,2023-09-13,2026-07-04
AMD,momentum_streak_4d__spike_only,spike_policy,spike_policy,spike_only,4,31,31,31,0.2,0.2,pure_spike_signals,31,0.2,2.0,24.0,70.70000000000002,124.0,0.25806451612903225,no_lower_price_in_next_h_observations,0.3143010752688172,0.1935483870967742,0.45161290322580644,0.8210742387957578,0.8210742387957578,0.2903225806451613,0.34795698924731183,0.8343634116192831,0.2903225806451613,0.3976344086021505,0.7301243915630071,0.25806451612903225,0.3143010752688172,0.8210742387957578,0.2903225806451613,0.34795698924731183,0.8343634116192831,0.2903225806451613,0.3976344086021505,0.7301243915630071,0.25806451612903225,0.07193548387096774,3.587443946188341,0.2903225806451613,0.08731182795698925,3.32512315270936,0.2903225806451613,0.12741935483870967,2.278481012658228,0.7940199335548173,0.1341935483870968,1.9230769230769227,0.016611295681063124,74.41428902251262,52.561474511210356,94.40400433536864,0.0033222591362126247,-34.43488021711174,-1.2787622961656415,127.10271828812255,103.0417059579226,2023-10-04,2026-05-22
AMD,momentum_streak_5d__spike_only,spike_policy,spike_policy,spike_only,4,15,15,15,0.0967741935483871,0.0967741935483871,pure_spike_signals,15,0.0967741935483871,3.055050463303893,31.0,178.00000000000009,241.0,0.26666666666666666,no_lower_price_in_next_h_observations,0.3277777777777778,0.13333333333333333,0.5333333333333333,0.8135593220338982,0.8135593220338982,0.26666666666666666,0.3615555555555556,0.7375537799631222,0.26666666666666666,0.40688888888888886,0.655379574003277,0.26666666666666666,0.3277777777777778,0.8135593220338982,0.26666666666666666,0.3615555555555556,0.7375537799631222,0.26666666666666666,0.40688888888888886,0.655379574003277,0.26666666666666666,0.07644444444444444,3.488372093023256,0.26666666666666666,0.09133333333333332,2.9197080291970807,0.26666666666666666,0.13311111111111112,2.003338898163606,0.7807308970099668,0.22,1.2121212121212122,0.4019933554817276,110.10020602904449,43.24601939414039,172.35910335473233,0.006644518272425249,52.53867171181894,0.314149172284278,133.04893522625338,104.28254249607797,2023-10-05,2026-05-13
KGS,momentum_streak_2d__spike_only,spike_policy,spike_policy,spike_only,4,89,89,89,0.5741935483870968,0.5741935483870968,pure_spike_signals,85,0.5483870967741935,0.9476913655712156,9.0,24.0,35.0,0.24719101123595505,no_lower_price_in_next_h_observations,0.3163670411985019,0.24719101123595505,0.38202247191011235,0.7813424884574405,0.7813424884574405,0.2696629213483146,0.3534831460674157,0.7628734901462174,0.3146067415730337,0.4162172284644195,0.7558715018446863,0.24719101123595505,0.3163670411985019,0.7813424884574405,0.2696629213483146,0.3534831460674157,0.7628734901462174,0.3146067415730337,0.4162172284644195,0.7558715018446863,0.1348314606741573,0.07254681647940074,1.8585441404233352,0.1797752808988764,0.10205992509363296,1.7614678899082568,0.24719101123595505,0.15505617977528088,1.5942028985507248,0.9534883720930233,0.18794007490636702,1.3152650458349942,0.04983388704318937,14.85844598183682,3.051723613591713,24.71951376425945,0.0033222591362126247,-37.27679307478417,-5.50605657824627,125.990847531917,101.18822539848308,2023-09-12,2026-08-21
KGS,momentum_streak_3d__spike_only,spike_policy,spike_policy,spike_only,4,55,55,55,0.3548387096774194,0.3548387096774194,pure_spike_signals,54,0.34838709677419355,1.3858792000116003,15.5,39.500000000000014,98.0,0.3090909090909091,no_lower_price_in_next_h_observations,0.3173939393939394,0.21818181818181817,0.41818181818181815,0.9738399847240786,0.9738399847240786,0.32727272727272727,0.3555757575757576,0.9204022498721662,0.38181818181818183,0.4170909090909091,0.9154315605928509,0.3090909090909091,0.3173939393939394,0.9738399847240786,0.32727272727272727,0.3555757575757576,0.9204022498721662,0.38181818181818183,0.4170909090909091,0.9154315605928509,0.2909090909090909,0.07303030303030303,3.983402489626556,0.3090909090909091,0.09933333333333333,3.111653447223917,0.32727272727272727,0.1532121212121212,2.136075949367089,0.6013289036544851,0.17345454545454544,1.7819706498951782,0.0033222591362126247,62.87439162553538,38.709021291513956,88.87701300282916,0.0033222591362126247,-22.337572953002592,-7.196009576726637,116.84535464237234,102.64505692580377,2023-09-13,2026-08-22
KGS,momentum_streak_4d__spike_only,spike_policy,spike_policy,spike_only,4,32,32,32,0.2064516129032258,0.2064516129032258,pure_spike_signals,32,0.2064516129032258,1.9605483926697653,21.0,70.0,124.0,0.21875,no_lower_price_in_next_h_observations,0.30614583333333334,0.1875,0.40625,0.7145287512759442,0.7145287512759442,0.25,0.345,0.7246376811594204,0.28125,0.4088541666666667,0.6878980891719745,0.21875,0.30614583333333334,0.7145287512759442,0.25,0.345,0.7246376811594204,0.28125,0.4088541666666667,0.6878980891719745,0.21875,0.07,3.1249999999999996,0.25,0.10041666666666667,2.4896265560165975,0.28125,0.15135416666666668,1.8582243633860975,0.9235880398671097,0.11916666666666667,1.8356643356643356,0.05647840531561462,76.36161174836178,53.059395709507825,107.90601137985045,0.0033222591362126247,-42.86894071219065,-5.714226825973971,108.58599581741518,101.79246551807259,2023-10-25,2026-07-28
KGS,momentum_streak_5d__spike_only,spike_policy,spike_policy,spike_only,4,16,16,16,0.1032258064516129,0.1032258064516129,pure_spike_signals,16,0.1032258064516129,2.9474565306378993,34.0,134.6,202.0,0.1875,no_lower_price_in_next_h_observations,0.3177083333333333,0.125,0.5,0.5901639344262295,0.5901639344262295,0.1875,0.35270833333333335,0.531600708800945,0.25,0.4195833333333333,0.5958291956305859,0.1875,0.3177083333333333,0.5901639344262295,0.1875,0.35270833333333335,0.531600708800945,0.25,0.4195833333333333,0.5958291956305859,0.1875,0.07458333333333333,2.5139664804469275,0.1875,0.098125,1.910828025477707,0.25,0.156875,1.5936254980079683,0.9368770764119602,0.17854166666666665,1.0501750291715286,0.6578073089700996,67.08479248081252,41.16685638595638,98.91118894790274,0.0033222591362126247,-37.44578922473693,-2.324258967969149,139.54289474019458,97.84388217824889,2023-10-26,2026-05-13
KZT,momentum_streak_2d__spike_only,spike_policy,spike_policy,spike_only,4,95,95,95,0.6129032258064516,0.6129032258064516,pure_spike_signals,90,0.5806451612903226,0.8962834929434947,9.0,18.700000000000003,49.0,0.2736842105263158,no_lower_price_in_next_h_observations,0.28771929824561404,0.22105263157894736,0.35789473684210527,0.951219512195122,0.951219512195122,0.30526315789473685,0.3338245614035088,0.9144418751313853,0.3684210526315789,0.38691228070175443,0.9522082161966081,0.2736842105263158,0.28771929824561404,0.951219512195122,0.30526315789473685,0.3338245614035088,0.9144418751313853,0.3684210526315789,0.38691228070175443,0.9522082161966081,0.16842105263157894,0.07694736842105264,2.1887824897400816,0.18947368421052632,0.10221052631578947,1.8537590113285274,0.23157894736842105,0.13526315789473686,1.7120622568093382,0.654485049833887,0.19592982456140354,1.3968481375358166,0.016611295681063124,42.11684222383153,26.401615843272808,58.143472755316374,0.0033222591362126247,-12.600833593291648,-3.536458836843744,120.8769876807506,112.8240539081608,2023-09-12,2026-07-28
KZT,momentum_streak_3d__spike_only,spike_policy,spike_policy,spike_only,4,49,49,49,0.3161290322580645,0.3161290322580645,pure_spike_signals,49,0.3161290322580645,1.4708043058552858,17.0,37.20000000000002,52.0,0.30612244897959184,no_lower_price_in_next_h_observations,0.29136054421768703,0.20306122448979594,0.3877551020408163,1.0506654214335747,1.0506654214335747,0.30612244897959184,0.33680272108843534,0.9089072914562716,0.42857142857142855,0.389047619047619,1.101591187270502,0.30612244897959184,0.29136054421768703,1.0506654214335747,0.30612244897959184,0.33680272108843534,0.9089072914562716,0.42857142857142855,0.389047619047619,1.101591187270502,0.2857142857142857,0.07857142857142857,3.6363636363636362,0.2857142857142857,0.10578231292517007,2.70096463022508,0.3877551020408163,0.13727891156462582,2.824578790882062,0.4883720930232558,0.17564625850340135,1.7428350116189002,0.016611295681063124,71.62272982074686,51.811496871436674,97.8012805882011,0.0033222591362126247,-12.075680978764337,-4.97977724127431,104.55708274674302,113.9926775786535,2023-09-13,2026-06-10
KZT,momentum_streak_4d__spike_only,spike_policy,spike_policy,spike_only,4,26,26,26,0.16774193548387098,0.16774193548387098,pure_spike_signals,26,0.16774193548387098,2.2274511131646557,33.0,79.20000000000002,103.0,0.2692307692307692,no_lower_price_in_next_h_observations,0.285,0.15384615384615385,0.4230769230769231,0.9446693657219973,0.9446693657219973,0.34615384615384615,0.32794871794871794,1.055512118842846,0.4230769230769231,0.3838461538461538,1.1022044088176355,0.2692307692307692,0.285,0.9446693657219973,0.34615384615384615,0.32794871794871794,1.055512118842846,0.4230769230769231,0.3838461538461538,1.1022044088176355,0.2692307692307692,0.07743589743589743,3.47682119205298,0.34615384615384615,0.10384615384615384,3.3333333333333335,0.4230769230769231,0.13589743589743591,3.113207547169811,0.6411960132890365,0.22910256410256408,1.1751538891997761,0.3654485049833887,91.81417688018692,67.4353015527734,125.58318327675717,0.0033222591362126247,-9.767554376001915,-6.19217540485,100.20785515739519,114.45290997692888,2023-09-22,2026-06-11
KZT,momentum_streak_5d__spike_only,spike_policy,spike_policy,spike_only,4,10,10,10,0.06451612903225806,0.06451612903225806,pure_spike_signals,10,0.06451612903225806,3.807886552931954,106.0,201.4,203.0,0.6,no_lower_price_in_next_h_observations,0.2876666666666666,0.1,0.5,2.085747392815759,2.085747392815759,0.6,0.3313333333333333,1.8108651911468814,0.6,0.38966666666666666,1.5397775876817792,0.6,0.2876666666666666,2.085747392815759,0.6,0.3313333333333333,1.8108651911468814,0.6,0.38966666666666666,1.5397775876817792,0.6,0.08166666666666665,7.346938775510205,0.6,0.10666666666666667,5.624999999999999,0.6,0.14,4.285714285714286,0.029900332225913623,0.26,2.3076923076923075,0.013289036544850499,76.30296714922035,25.86676187960849,117.35956760454978,0.0033222591362126247,90.86398229587289,-6.127312025015289,98.39348308969777,114.38451568149685,2023-09-23,2026-05-13
TJS,momentum_streak_2d__spike_only,spike_policy,spike_policy,spike_only,4,83,83,83,0.535483870967742,0.535483870967742,pure_spike_signals,82,0.5290322580645161,0.9552325129115563,11.0,24.0,31.0,0.27710843373493976,no_lower_price_in_next_h_observations,0.33626506024096386,0.26445783132530126,0.42168674698795183,0.8240773916159083,0.8240773916159083,0.3132530120481928,0.37481927710843377,0.8357441337190613,0.3493975903614458,0.43220883534136545,0.8083999256643747,0.27710843373493976,0.33626506024096386,0.8240773916159083,0.3132530120481928,0.37481927710843377,0.8357441337190613,0.3493975903614458,0.43220883534136545,0.8083999256643747,0.20481927710843373,0.07562248995983936,2.7084439723844924,0.20481927710843373,0.09437751004016064,2.170212765957447,0.26506024096385544,0.13558232931726905,1.9549763033175362,0.9302325581395349,0.1982730923694779,1.3976098845452705,0.019933554817275746,24.98697603221422,9.67089659867252,40.09073051600429,0.0033222591362126247,-21.31304265019311,3.497015175825705,127.40573082929343,100.90088257606631,2023-09-12,2026-08-21
TJS,momentum_streak_3d__spike_only,spike_policy,spike_policy,spike_only,4,49,49,49,0.3161290322580645,0.3161290322580645,pure_spike_signals,49,0.3161290322580645,1.4708043058552858,17.5,43.0,129.0,0.24489795918367346,no_lower_price_in_next_h_observations,0.3389795918367347,0.22448979591836735,0.4489795918367347,0.7224563515954244,0.7224563515954244,0.24489795918367346,0.37619047619047613,0.6509945750452081,0.30612244897959184,0.43775510204081625,0.6993006993006995,0.24489795918367346,0.3389795918367347,0.7224563515954244,0.24489795918367346,0.37619047619047613,0.6509945750452081,0.30612244897959184,0.43775510204081625,0.6993006993006995,0.24489795918367346,0.07523809523809523,3.25497287522604,0.24489795918367346,0.09653061224489794,2.5369978858350954,0.30612244897959184,0.1348299319727891,2.270433905146317,0.9368770764119602,0.18823129251700677,1.3010480664980124,0.15946843853820597,52.449627010062166,36.09934891423208,70.94262569831672,0.0033222591362126247,-39.429414241863086,5.679119498033615,129.93107016785714,99.44661488446329,2023-09-13,2026-08-22
TJS,momentum_streak_4d__spike_only,spike_policy,spike_policy,spike_only,4,28,28,28,0.18064516129032257,0.18064516129032257,pure_spike_signals,28,0.18064516129032257,2.129721645125082,25.0,70.80000000000001,135.0,0.17857142857142858,no_lower_price_in_next_h_observations,0.3319047619047619,0.17857142857142858,0.4642857142857143,0.5380200860832137,0.5380200860832137,0.21428571428571427,0.3703571428571429,0.5785920925747348,0.21428571428571427,0.4307142857142857,0.49751243781094523,0.17857142857142858,0.3319047619047619,0.5380200860832137,0.21428571428571427,0.3703571428571429,0.5785920925747348,0.21428571428571427,0.4307142857142857,0.49751243781094523,0.17857142857142858,0.07476190476190475,2.3885350318471343,0.21428571428571427,0.09273809523809523,2.3106546854942236,0.21428571428571427,0.13154761904761902,1.6289592760180998,0.973421926910299,0.13988095238095238,1.2765957446808511,0.36212624584717606,84.06066045562407,53.436094829665365,117.73939891991338,0.0033222591362126247,-31.55360516216656,1.5031202201758125,118.18917278576059,100.4916688303409,2023-10-25,2026-05-13
TJS,momentum_streak_5d__spike_only,spike_policy,spike_policy,spike_only,4,16,16,16,0.1032258064516129,0.1032258064516129,pure_spike_signals,16,0.1032258064516129,2.947456530637899,34.0,114.39999999999999,241.0,0.1875,no_lower_price_in_next_h_observations,0.33541666666666664,0.125,0.5625,0.5590062111801243,0.5590062111801243,0.1875,0.374375,0.5008347245409015,0.25,0.43166666666666664,0.5791505791505792,0.1875,0.33541666666666664,0.5590062111801243,0.1875,0.374375,0.5008347245409015,0.25,0.43166666666666664,0.5791505791505792,0.1875,0.0825,2.2727272727272725,0.1875,0.10333333333333333,1.814516129032258,0.25,0.14166666666666666,1.7647058823529411,0.9235880398671097,0.19854166666666667,0.9443861490031479,0.7308970099667774,62.815629087438,37.152614185716274,92.01669971326241,0.0033222591362126247,-28.12753401319021,3.1770130485581856,134.65506750604635,99.61304670072643,2023-10-26,2026-05-14
UZS,momentum_streak_2d__spike_only,spike_policy,spike_policy,spike_only,4,88,88,88,0.567741935483871,0.567741935483871,pure_spike_signals,85,0.5483870967741935,0.9388592075334022,10.0,22.0,36.0,0.2727272727272727,no_lower_price_in_next_h_observations,0.3218181818181818,0.25,0.38636363636363635,0.8474576271186441,0.8474576271186441,0.3181818181818182,0.35996212121212123,0.8839313900873408,0.36363636363636365,0.41068181818181815,0.8854454897620366,0.2727272727272727,0.3218181818181818,0.8474576271186441,0.3181818181818182,0.35996212121212123,0.8839313900873408,0.36363636363636365,0.41068181818181815,0.8854454897620366,0.17045454545454544,0.07261363636363635,2.347417840375587,0.2159090909090909,0.09431818181818183,2.2891566265060237,0.2727272727272727,0.1440151515151515,1.893740136770121,0.8903654485049833,0.21075757575757575,1.2940330697340043,0.059800664451827246,29.345733199525956,15.931114824348608,43.2195369635355,0.0033222591362126247,-15.941152402151447,-1.25976597472686,126.8167680332595,106.78047525794796,2023-09-12,2026-08-22
UZS,momentum_streak_3d__spike_only,spike_policy,spike_policy,spike_only,4,53,53,53,0.3419354838709677,0.3419354838709677,pure_spike_signals,53,0.3419354838709677,1.3872736939359847,15.5,35.9,68.0,0.33962264150943394,no_lower_price_in_next_h_observations,0.32163522012578616,0.22641509433962265,0.4339622641509434,1.0559249120062573,1.0559249120062573,0.39622641509433965,0.3586163522012579,1.1048754822869167,0.4339622641509434,0.40773584905660376,1.064322073114299,0.33962264150943394,0.32163522012578616,1.0559249120062573,0.39622641509433965,0.3586163522012579,1.1048754822869167,0.4339622641509434,0.40773584905660376,1.064322073114299,0.32075471698113206,0.07163522012578616,4.477611940298508,0.37735849056603776,0.09515723270440252,3.9656311962987445,0.39622641509433965,0.14490566037735847,2.7343750000000004,0.43853820598006643,0.20999999999999996,1.6172506738544477,0.0033222591362126247,82.913949314867,61.68769276138387,111.32353915290219,0.0033222591362126247,2.0796460477139713,-1.4746760273418724,102.99658767421958,107.8986833462131,2023-09-13,2026-06-11
UZS,momentum_streak_4d__spike_only,spike_policy,spike_policy,spike_only,4,28,28,28,0.18064516129032257,0.18064516129032257,pure_spike_signals,28,0.18064516129032257,2.129721645125082,27.0,64.60000000000001,132.0,0.17857142857142858,no_lower_price_in_next_h_observations,0.31916666666666665,0.17857142857142858,0.4642857142857143,0.5594927265945543,0.5594927265945543,0.21428571428571427,0.3570238095238095,0.6002000666888962,0.2857142857142857,0.40845238095238096,0.699504517633343,0.17857142857142858,0.31916666666666665,0.5594927265945543,0.21428571428571427,0.3570238095238095,0.6002000666888962,0.2857142857142857,0.40845238095238096,0.699504517633343,0.17857142857142858,0.07428571428571427,2.403846153846154,0.21428571428571427,0.09892857142857141,2.1660649819494586,0.2857142857142857,0.1475,1.937046004842615,0.9800664451827242,0.1063095238095238,1.67973124300112,0.15614617940199335,76.92975958004219,51.90182776206466,100.50634571334534,0.0033222591362126247,-52.828509404421034,-1.5029408763412726,118.85401499591649,105.98876349742866,2023-10-25,2026-05-21
UZS,momentum_streak_5d__spike_only,spike_policy,spike_policy,spike_only,4,16,16,16,0.1032258064516129,0.1032258064516129,pure_spike_signals,16,0.1032258064516129,2.947456530637899,34.0,123.79999999999998,195.0,0.25,no_lower_price_in_next_h_observations,0.31583333333333335,0.125,0.5,0.7915567282321899,0.7915567282321899,0.3125,0.35291666666666666,0.885478158205431,0.3125,0.40375,0.7739938080495357,0.25,0.31583333333333335,0.7915567282321899,0.3125,0.35291666666666666,0.885478158205431,0.3125,0.40375,0.7739938080495357,0.25,0.07104166666666667,3.5190615835777126,0.3125,0.090625,3.4482758620689657,0.3125,0.13875,2.252252252252252,0.8006644518272426,0.120625,2.072538860103627,0.06976744186046512,73.24304386626471,43.7377476770775,102.01518417711648,0.0033222591362126247,-26.68126446512937,-3.7886437754517117,121.54439841657344,109.43157744614504,2023-10-26,2026-05-13
AMD,momentum_streak_2d__spike_only,spike_policy,spike_policy,spike_only,5,86,86,86,0.5548387096774193,0.5548387096774193,pure_spike_signals,85,0.5483870967741935,0.9188254076808565,10.0,24.0,46.0,0.22093023255813954,no_lower_price_in_next_h_observations,0.2806589147286822,0.20930232558139536,0.36046511627906974,0.7871840905952215,0.7871840905952215,0.23255813953488372,0.3165116279069768,0.7347538574577516,0.3023255813953488,0.3721317829457364,0.8124153733986044,0.22093023255813954,0.2806589147286822,0.7871840905952215,0.23255813953488372,0.3165116279069768,0.7347538574577516,0.3023255813953488,0.3721317829457364,0.8124153733986044,0.12790697674418605,0.058604651162790705,2.1825396825396823,0.12790697674418605,0.07147286821705426,1.7895878524945772,0.18604651162790697,0.10414728682170543,1.7863788611834759,0.9235880398671097,0.17945736434108525,1.2311015118790498,0.13953488372093023,17.963364097127858,6.722401830878755,30.101124422704697,0.013289036544850499,-37.60271409263628,-1.8851451413744886,150.295045059722,121.44268132989728,2023-09-12,2026-08-22
AMD,momentum_streak_3d__spike_only,spike_policy,spike_policy,spike_only,5,51,51,51,0.32903225806451614,0.32903225806451614,pure_spike_signals,50,0.3225806451612903,1.4691496231317012,17.0,37.60000000000001,68.0,0.2549019607843137,no_lower_price_in_next_h_observations,0.2831372549019608,0.19607843137254902,0.37254901960784315,0.9002770083102493,0.9002770083102493,0.27450980392156865,0.317516339869281,0.8645533141210376,0.3137254901960784,0.3750980392156863,0.836382645060115,0.2549019607843137,0.2831372549019608,0.9002770083102493,0.27450980392156865,0.317516339869281,0.8645533141210376,0.3137254901960784,0.3750980392156863,0.836382645060115,0.23529411764705882,0.05973856209150327,3.9387308533916845,0.23529411764705882,0.07444444444444442,3.160667251975418,0.27450980392156865,0.10647058823529411,2.5782688766114186,0.7574750830564784,0.17496732026143788,1.456854688083676,0.05647840531561462,64.55245483969033,36.33208058692551,94.09087887125075,0.0033222591362126247,-33.12638537858045,-0.8416852337072324,151.5408724007575,122.20832201840841,2023-09-13,2026-07-04
AMD,momentum_streak_4d__spike_only,spike_policy,spike_policy,spike_only,5,31,31,31,0.2,0.2,pure_spike_signals,31,0.2,2.0,24.0,70.70000000000002,124.0,0.1935483870967742,no_lower_price_in_next_h_observations,0.2806451612903226,0.16129032258064516,0.41935483870967744,0.6896551724137931,0.6896551724137931,0.22580645161290322,0.3104301075268817,0.7273986837547627,0.25806451612903225,0.36720430107526886,0.7027818448023425,0.1935483870967742,0.2806451612903226,0.6896551724137931,0.22580645161290322,0.3104301075268817,0.7273986837547627,0.25806451612903225,0.36720430107526886,0.7027818448023425,0.1935483870967742,0.06225806451612903,3.1088082901554404,0.22580645161290322,0.07655913978494623,2.949438202247191,0.25806451612903225,0.10849462365591397,2.3785926660059467,0.9003322259136213,0.1176344086021505,1.6453382084095067,0.10963455149501661,77.10008112289037,51.887275082406966,100.40616109160875,0.0033222591362126247,-41.71189408175642,-1.479489704816082,165.58989361605663,122.5947721595693,2023-10-04,2026-05-22
AMD,momentum_streak_5d__spike_only,spike_policy,spike_policy,spike_only,5,15,15,15,0.0967741935483871,0.0967741935483871,pure_spike_signals,15,0.0967741935483871,3.055050463303893,31.0,178.00000000000009,241.0,0.26666666666666666,no_lower_price_in_next_h_observations,0.286,0.13000000000000006,0.4666666666666667,0.9324009324009325,0.9324009324009325,0.26666666666666666,0.322,0.8281573498964803,0.26666666666666666,0.3791111111111112,0.7033997655334113,0.26666666666666666,0.286,0.9324009324009325,0.26666666666666666,0.322,0.8281573498964803,0.26666666666666666,0.3791111111111112,0.7033997655334113,0.26666666666666666,0.056444444444444436,4.724409448818898,0.26666666666666666,0.06844444444444443,3.8961038961038965,0.26666666666666666,0.10622222222222222,2.510460251046025,0.654485049833887,0.20977777777777776,1.2711864406779663,0.3687707641196013,133.559766645968,63.5531593526925,214.57389478145683,0.0033222591362126247,76.63541682504183,1.3573042421153814,150.4939009409738,120.96024092388205,2023-10-05,2026-05-13
KGS,momentum_streak_2d__spike_only,spike_policy,spike_policy,spike_only,5,89,89,89,0.5741935483870968,0.5741935483870968,pure_spike_signals,85,0.5483870967741935,0.9476913655712156,9.0,24.0,35.0,0.23595505617977527,no_lower_price_in_next_h_observations,0.29213483146067415,0.21348314606741572,0.3707865168539326,0.8076923076923077,0.8076923076923077,0.25842696629213485,0.3303370786516854,0.7823129251700681,0.29213483146067415,0.3856554307116105,0.7575021851024569,0.23595505617977527,0.29213483146067415,0.8076923076923077,0.25842696629213485,0.3303370786516854,0.7823129251700681,0.29213483146067415,0.3856554307116105,0.7575021851024569,0.0898876404494382,0.05685393258426966,1.5810276679841897,0.12359550561797752,0.07850187265917602,1.5744274809160308,0.20224719101123595,0.12797752808988763,1.5803336259877085,0.9069767441860465,0.1705992509363296,1.3830954994511524,0.006644518272425249,13.594570584663805,2.3407056024488426,25.24159462148206,0.009966777408637873,-40.741305743842,-3.583125463946217,144.5619711450121,117.4710952707682,2023-09-12,2026-08-21
KGS,momentum_streak_3d__spike_only,spike_policy,spike_policy,spike_only,5,55,55,55,0.3548387096774194,0.3548387096774194,pure_spike_signals,54,0.34838709677419355,1.3858792000116003,15.5,39.500000000000014,98.0,0.2909090909090909,no_lower_price_in_next_h_observations,0.2928484848484848,0.2,0.38181818181818183,0.9933774834437087,0.9933774834437087,0.3090909090909091,0.3326666666666667,0.9291309892512295,0.36363636363636365,0.3872121212121212,0.9391141023634373,0.2909090909090909,0.2928484848484848,0.9933774834437087,0.3090909090909091,0.3326666666666667,0.9291309892512295,0.36363636363636365,0.3872121212121212,0.9391141023634373,0.2545454545454545,0.05818181818181819,4.374999999999999,0.2727272727272727,0.0793939393939394,3.435114503816793,0.2909090909090909,0.12557575757575756,2.316602316602317,0.5813953488372093,0.15363636363636363,1.8934911242603552,0.0033222591362126247,61.9344232453183,37.6605681582225,89.94072388150394,0.0033222591362126247,-36.93014131733585,-5.0044154176849425,135.53624005894093,118.37139245222389,2023-09-13,2026-08-22
KGS,momentum_streak_4d__spike_only,spike_policy,spike_policy,spike_only,5,32,32,32,0.2064516129032258,0.2064516129032258,pure_spike_signals,32,0.2064516129032258,1.9605483926697653,21.0,70.0,124.0,0.15625,no_lower_price_in_next_h_observations,0.2896875,0.15625,0.40625,0.5393743257820928,0.5393743257820928,0.1875,0.3259375,0.5752636625119847,0.21875,0.3802083333333333,0.5753424657534247,0.15625,0.2896875,0.5393743257820928,0.1875,0.3259375,0.5752636625119847,0.21875,0.3802083333333333,0.5753424657534247,0.125,0.058125,2.150537634408602,0.15625,0.07927083333333333,1.971090670170828,0.21875,0.12541666666666668,1.7441860465116277,0.9867109634551495,0.1021875,1.529051987767584,0.18272425249169436,76.5980431813775,49.32884629728782,105.0011138067073,0.0033222591362126247,-55.83322218836118,-4.106665439595838,152.97722505260737,119.79981299570863,2023-10-25,2026-07-28
KGS,momentum_streak_5d__spike_only,spike_policy,spike_policy,spike_only,5,16,16,16,0.1032258064516129,0.1032258064516129,pure_spike_signals,16,0.1032258064516129,2.9474565306378993,34.0,134.6,202.0,0.1875,no_lower_price_in_next_h_observations,0.28958333333333336,0.125,0.5,0.6474820143884892,0.6474820143884892,0.1875,0.32729166666666665,0.5728835136855507,0.25,0.3879166666666667,0.6444683136412459,0.1875,0.28958333333333336,0.6474820143884892,0.1875,0.32729166666666665,0.5728835136855507,0.25,0.3879166666666667,0.6444683136412459,0.1875,0.06229166666666667,3.0100334448160533,0.1875,0.084375,2.222222222222222,0.25,0.1325,1.8867924528301885,0.8903654485049833,0.16854166666666667,1.1124845488257107,0.5614617940199336,82.47452655837574,52.12558720451007,112.86121117063557,0.0033222591362126247,-37.79700623229069,-3.8915085214693264,170.6544813006408,118.1579503607903,2023-10-26,2026-05-13
KZT,momentum_streak_2d__spike_only,spike_policy,spike_policy,spike_only,5,95,95,95,0.6129032258064516,0.6129032258064516,pure_spike_signals,90,0.5806451612903226,0.8962834929434947,9.0,18.700000000000003,49.0,0.2631578947368421,no_lower_price_in_next_h_observations,0.2647719298245614,0.2,0.3368421052631579,0.993904055128545,0.993904055128545,0.28421052631578947,0.3023859649122807,0.9398932466929681,0.3473684210526316,0.35,0.992481203007519,0.2631578947368421,0.2647719298245614,0.993904055128545,0.28421052631578947,0.3023859649122807,0.9398932466929681,0.3473684210526316,0.35,0.992481203007519,0.15789473684210525,0.06052631578947368,2.608695652173913,0.17894736842105263,0.08256140350877192,2.1674458138546537,0.22105263157894736,0.1123859649122807,1.966906025600999,0.5548172757475083,0.18140350877192982,1.4506769825918762,0.016611295681063124,42.20558564351675,24.66961533452991,58.107132538718844,0.0033222591362126247,-4.950892565999109,-1.79126240450726,134.51397973095374,131.0715762901926,2023-09-12,2026-07-28
KZT,momentum_streak_3d__spike_only,spike_policy,spike_policy,spike_only,5,49,49,49,0.3161290322580645,0.3161290322580645,pure_spike_signals,49,0.3161290322580645,1.4708043058552858,17.0,37.20000000000002,52.0,0.24489795918367346,no_lower_price_in_next_h_observations,0.26986394557823135,0.1836734693877551,0.3673469387755102,0.9074867658179983,0.9074867658179983,0.24489795918367346,0.3096598639455782,0.7908611599297013,0.32653061224489793,0.35312925170068027,0.9246773261413985,0.24489795918367346,0.26986394557823135,0.9074867658179983,0.24489795918367346,0.3096598639455782,0.7908611599297013,0.32653061224489793,0.35312925170068027,0.9246773261413985,0.1836734693877551,0.060884353741496595,3.016759776536313,0.1836734693877551,0.08755102040816326,2.097902097902098,0.24489795918367346,0.11877551020408163,2.061855670103093,0.707641196013289,0.16176870748299318,1.5138772077375946,0.04983388704318937,68.94296496808273,49.1084655751367,90.37246940126143,0.0033222591362126247,-36.641477898911056,-2.616322408420848,139.06835005167514,130.4271623369083,2023-09-13,2026-06-10
KZT,momentum_streak_4d__spike_only,spike_policy,spike_policy,spike_only,5,26,26,26,0.16774193548387098,0.16774193548387098,pure_spike_signals,26,0.16774193548387098,2.2274511131646557,33.0,79.20000000000002,103.0,0.2692307692307692,no_lower_price_in_next_h_observations,0.26435897435897443,0.11538461538461539,0.4230769230769231,1.0184287099903004,1.0184287099903004,0.3076923076923077,0.30294871794871797,1.0156580617858655,0.38461538461538464,0.35064102564102567,1.0968921389396709,0.2692307692307692,0.26435897435897443,1.0184287099903004,0.3076923076923077,0.30294871794871797,1.0156580617858655,0.38461538461538464,0.35064102564102567,1.0968921389396709,0.2692307692307692,0.06025641025641026,4.468085106382978,0.3076923076923077,0.08256410256410256,3.726708074534162,0.38461538461538464,0.11179487179487178,3.4403669724770647,0.5382059800664452,0.2180769230769231,1.2345679012345676,0.30564784053156147,100.70910638644537,73.02748673863117,143.41159390905005,0.0033222591362126247,36.54991187232678,-6.561304231866381,111.81962555785807,133.41654624884373,2023-09-22,2026-06-11
KZT,momentum_streak_5d__spike_only,spike_policy,spike_policy,spike_only,5,10,10,10,0.06451612903225806,0.06451612903225806,pure_spike_signals,10,0.06451612903225806,3.807886552931954,106.0,201.4,203.0,0.5,no_lower_price_in_next_h_observations,0.26366666666666666,0.1,0.5,1.8963337547408345,1.8963337547408345,0.5,0.302,1.6556291390728477,0.6,0.3436666666666666,1.7458777885548014,0.5,0.26366666666666666,1.8963337547408345,0.5,0.302,1.6556291390728477,0.6,0.3436666666666666,1.7458777885548014,0.5,0.060333333333333336,8.287292817679557,0.5,0.08266666666666667,6.048387096774194,0.6,0.11233333333333334,5.341246290801187,0.11960132890365449,0.24033333333333332,2.0804438280166435,0.053156146179401995,101.76248315725867,41.3890289446758,156.21320299253807,0.0033222591362126247,96.56617423978696,-10.612706042509526,109.65145132816012,132.3966484507981,2023-09-23,2026-05-13
TJS,momentum_streak_2d__spike_only,spike_policy,spike_policy,spike_only,5,83,83,83,0.535483870967742,0.535483870967742,pure_spike_signals,82,0.5290322580645161,0.9552325129115563,11.0,24.0,31.0,0.26506024096385544,no_lower_price_in_next_h_observations,0.31349397590361444,0.2289156626506024,0.38614457831325316,0.8455034588777864,0.8455034588777864,0.30120481927710846,0.35232931726907635,0.8548957027242676,0.3253012048192771,0.40357429718875504,0.8060503532689819,0.26506024096385544,0.31349397590361444,0.8455034588777864,0.30120481927710846,0.35232931726907635,0.8548957027242676,0.3253012048192771,0.40357429718875504,0.8060503532689819,0.13253012048192772,0.05550200803212851,2.3878437047756877,0.14457831325301204,0.0729718875502008,1.9812878370941112,0.18072289156626506,0.10590361445783132,1.7064846416382253,0.840531561461794,0.17433734939759035,1.5203870076019352,0.013289036544850499,25.401771223555716,6.8139197152680415,42.81069862062799,0.0033222591362126247,-18.584128648930058,5.7243017342502025,144.61454657901865,118.38398397817677,2023-09-12,2026-08-21
TJS,momentum_streak_3d__spike_only,spike_policy,spike_policy,spike_only,5,49,49,49,0.3161290322580645,0.3161290322580645,pure_spike_signals,49,0.3161290322580645,1.4708043058552858,17.5,43.0,129.0,0.22448979591836735,no_lower_price_in_next_h_observations,0.3101360544217687,0.20408163265306123,0.40816326530612246,0.7238429480149156,0.7238429480149156,0.24489795918367346,0.3529251700680272,0.6939090208172706,0.2857142857142857,0.40244897959183673,0.7099391480730223,0.22448979591836735,0.3101360544217687,0.7238429480149156,0.24489795918367346,0.3529251700680272,0.6939090208172706,0.2857142857142857,0.40244897959183673,0.7099391480730223,0.20408163265306123,0.05619047619047619,3.631961259079903,0.22448979591836735,0.07448979591836734,3.013698630136987,0.2653061224489796,0.10653061224489795,2.490421455938698,0.9335548172757475,0.18428571428571427,1.2181616832779625,0.26245847176079734,52.81994972145089,33.84440586489067,74.3763760203248,0.0033222591362126247,-51.86441340243681,3.7967727161661182,151.67734904326568,119.0643724652059,2023-09-13,2026-08-22
TJS,momentum_streak_4d__spike_only,spike_policy,spike_policy,spike_only,5,28,28,28,0.18064516129032257,0.18064516129032257,pure_spike_signals,28,0.18064516129032257,2.129721645125082,25.0,70.80000000000001,135.0,0.17857142857142858,no_lower_price_in_next_h_observations,0.3136904761904762,0.17857142857142858,0.4642857142857143,0.5692599620493359,0.5692599620493359,0.21428571428571427,0.35154761904761905,0.6095496105655266,0.21428571428571427,0.40392857142857147,0.5305039787798408,0.17857142857142858,0.3136904761904762,0.5692599620493359,0.21428571428571427,0.35154761904761905,0.6095496105655266,0.21428571428571427,0.40392857142857147,0.5305039787798408,0.17857142857142858,0.059761904761904745,2.988047808764941,0.21428571428571427,0.07547619047619046,2.8391167192429028,0.21428571428571427,0.10666666666666666,2.0089285714285716,0.9568106312292359,0.13428571428571429,1.3297872340425532,0.292358803986711,87.73179262907742,57.80445743059577,115.26868237023588,0.0033222591362126247,-35.54677975170545,4.32720786123958,157.52024505844676,118.2940711443882,2023-10-25,2026-05-13
TJS,momentum_streak_5d__spike_only,spike_policy,spike_policy,spike_only,5,16,16,16,0.1032258064516129,0.1032258064516129,pure_spike_signals,16,0.1032258064516129,2.947456530637899,34.0,114.39999999999999,241.0,0.1875,no_lower_price_in_next_h_observations,0.3204166666666667,0.125,0.5,0.5851755526657997,0.5851755526657997,0.1875,0.3575,0.5244755244755245,0.25,0.41208333333333336,0.6066734074823054,0.1875,0.3204166666666667,0.5851755526657997,0.1875,0.3575,0.5244755244755245,0.25,0.41208333333333336,0.6066734074823054,0.1875,0.052708333333333336,3.5573122529644268,0.1875,0.06895833333333333,2.719033232628399,0.25,0.10291666666666667,2.42914979757085,0.920265780730897,0.17604166666666668,1.0650887573964496,0.5980066445182725,81.37785496024966,45.85635281275788,118.03247760895643,0.0033222591362126247,-16.83542003133413,6.4938325862222195,152.83957957104576,118.27576324424012,2023-10-26,2026-05-14
UZS,momentum_streak_2d__spike_only,spike_policy,spike_policy,spike_only,5,88,88,88,0.567741935483871,0.567741935483871,pure_spike_signals,85,0.5483870967741935,0.9388592075334022,10.0,22.0,36.0,0.25,no_lower_price_in_next_h_observations,0.2934848484848485,0.2159090909090909,0.36363636363636365,0.8518327310273618,0.8518327310273618,0.29545454545454547,0.32666666666666666,0.9044526901669759,0.3068181818181818,0.3759090909090909,0.8162031438935913,0.25,0.2934848484848485,0.8518327310273618,0.29545454545454547,0.32666666666666666,0.9044526901669759,0.3068181818181818,0.3759090909090909,0.8162031438935913,0.14772727272727273,0.05912878787878789,2.4983984625240225,0.18181818181818182,0.07473484848484849,2.432843385707045,0.20454545454545456,0.11397727272727273,1.794616151545364,0.8704318936877077,0.18856060606060607,1.325833668139815,0.036544850498338874,28.139578634289066,12.386969886564765,42.434198588848346,0.0033222591362126247,-12.558083824392657,-0.49878468055461717,141.85599195672904,124.31605382441884,2023-09-12,2026-08-22
UZS,momentum_streak_3d__spike_only,spike_policy,spike_policy,spike_only,5,53,53,53,0.3419354838709677,0.3419354838709677,pure_spike_signals,53,0.3419354838709677,1.3872736939359847,15.5,35.9,68.0,0.32075471698113206,no_lower_price_in_next_h_observations,0.29509433962264153,0.20754716981132076,0.37735849056603776,1.0869565217391304,1.0869565217391304,0.33962264150943394,0.3272955974842768,1.0376633358954648,0.3584905660377358,0.37704402515723273,0.9507923269391158,0.32075471698113206,0.29509433962264153,1.0869565217391304,0.33962264150943394,0.3272955974842768,1.0376633358954648,0.3584905660377358,0.37704402515723273,0.9507923269391158,0.24528301886792453,0.06018867924528301,4.075235109717869,0.2641509433962264,0.07767295597484275,3.400809716599191,0.2830188679245283,0.11566037735849055,2.4469820554649266,0.4318936877076412,0.18402515723270438,1.7429938482570062,0.0033222591362126247,82.60742245324212,57.60762129795186,113.40152420133334,0.0033222591362126247,-6.218695995251049,-2.504055877954325,124.67543989590561,125.68728824623739,2023-09-13,2026-06-11
UZS,momentum_streak_4d__spike_only,spike_policy,spike_policy,spike_only,5,28,28,28,0.18064516129032257,0.18064516129032257,pure_spike_signals,28,0.18064516129032257,2.129721645125082,27.0,64.60000000000001,132.0,0.14285714285714285,no_lower_price_in_next_h_observations,0.2969047619047619,0.17857142857142858,0.42857142857142855,0.48115477145148355,0.48115477145148355,0.17857142857142858,0.33035714285714285,0.5405405405405406,0.25,0.3813095238095238,0.6556353418669997,0.14285714285714285,0.2969047619047619,0.48115477145148355,0.17857142857142858,0.33035714285714285,0.5405405405405406,0.25,0.3813095238095238,0.6556353418669997,0.14285714285714285,0.06130952380952379,2.330097087378641,0.17857142857142858,0.07761904761904762,2.3006134969325154,0.25,0.11785714285714287,2.121212121212121,0.9900332225913622,0.08642857142857141,1.6528925619834713,0.1760797342192691,77.72758652937488,52.26456539701886,101.50004704838467,0.0033222591362126247,-73.74804231892506,-0.3906606007550746,158.87790634153225,123.77073869452356,2023-10-25,2026-05-21
UZS,momentum_streak_5d__spike_only,spike_policy,spike_policy,spike_only,5,16,16,16,0.1032258064516129,0.1032258064516129,pure_spike_signals,16,0.1032258064516129,2.947456530637899,34.0,123.79999999999998,195.0,0.125,no_lower_price_in_next_h_observations,0.28625,0.125,0.4375,0.4366812227074236,0.4366812227074236,0.1875,0.323125,0.5802707930367504,0.25,0.37666666666666665,0.6637168141592921,0.125,0.28625,0.4366812227074236,0.1875,0.323125,0.5802707930367504,0.25,0.37666666666666665,0.6637168141592921,0.125,0.051458333333333335,2.42914979757085,0.1875,0.0675,2.7777777777777777,0.25,0.105625,2.366863905325444,0.9667774086378738,0.09708333333333333,1.2875536480686696,0.4983388704318937,91.5962322733549,59.50898822899352,116.8062136043434,0.0033222591362126247,-32.47441168567845,-1.6483885876402582,151.8832686824087,125.38419974247367,2023-10-26,2026-05-13
