strategy_id,train_total_push_count,train_evaluated_signal_count,train_signals_per_week,train_hit_rate,train_random_hit_rate,train_hit_lift,train_benefit_bps,frequency_distance,sample_gate,frequency_gate,lift_gate,benefit_gate,gates_met,currency,policy,signal_family,selection_horizon,fold_start,fold_end,meets_all_train_gates
momentum_streak_3d__spike_only,62,62,0.30097087378640774,0.43548387096774194,0.38703140830800403,1.125190001688904,55.016460951198745,0.6990291262135923,True,False,False,True,2,AMD,spike_only,spike,2,2018-01-01,2019-01-01,False
momentum_streak_3d__spike_only,71,71,0.27626459143968873,0.4507042253521127,0.39303079416531606,1.1467402352257876,50.51373888201592,0.7237354085603113,True,False,False,True,2,AMD,spike_only,spike,2,2019-01-01,2020-01-01,False
momentum_streak_3d__spike_only,85,85,0.275974025974026,0.4235294117647059,0.3864864864864865,1.0958453311394487,47.00969640539225,0.724025974025974,True,False,False,True,2,AMD,spike_only,spike,2,2020-01-01,2021-01-01,False
momentum_streak_3d__spike_only,100,100,0.2777777777777778,0.39,0.3871154962275102,1.0074512743628186,47.432564274204296,0.7222222222222222,True,False,False,True,2,AMD,spike_only,spike,2,2021-01-01,2022-01-01,False
momentum_streak_3d__spike_only,117,117,0.2846715328467153,0.4017094017094017,0.38863521055301875,1.0336412934324162,44.32250412877561,0.7153284671532847,True,False,False,True,2,AMD,spike_only,spike,2,2022-01-01,2023-01-01,False
momentum_streak_3d__spike_only,134,134,0.29004329004329005,0.40298507462686567,0.38999098286744815,1.0333189543611423,51.70006093045531,0.7099567099567099,True,False,False,True,2,AMD,spike_only,spike,2,2023-01-01,2024-01-01,False
momentum_streak_3d__spike_only,149,149,0.290448343079922,0.3959731543624161,0.4,0.9899328859060402,49.43551869604885,0.7095516569200779,True,False,False,True,2,AMD,spike_only,spike,2,2024-01-01,2025-01-01,False
momentum_streak_3d__spike_only,166,166,0.29432624113475175,0.4036144578313253,0.40508661997788425,0.9963658090049005,50.059490333884284,0.7056737588652482,True,False,False,True,2,AMD,spike_only,spike,2,2025-01-01,2026-01-01,False
momentum_streak_3d__spike_only,185,185,0.3008130081300813,0.3837837837837838,0.3989864864864865,0.9618966977138019,49.02572584477021,0.6991869918699187,True,False,False,True,2,AMD,spike_only,spike,2,2026-01-01,2026-09-03,False
momentum_streak_3d__spike_only,64,64,0.3106796116504854,0.40625,0.3819655521783181,1.0635775862068966,59.29193835317615,0.6893203883495146,True,False,False,True,2,KGS,spike_only,spike,2,2018-01-01,2019-01-01,False
momentum_streak_3d__spike_only,74,74,0.28793774319066145,0.40540540540540543,0.3905996758508914,1.0379051250420546,54.54059115533571,0.7120622568093385,True,False,False,True,2,KGS,spike_only,spike,2,2019-01-01,2020-01-01,False
momentum_streak_3d__spike_only,90,90,0.2922077922077922,0.3888888888888889,0.3810810810810811,1.020488573680063,49.072643677699986,0.7077922077922079,True,False,False,True,2,KGS,spike_only,spike,2,2020-01-01,2021-01-01,False
momentum_streak_3d__spike_only,106,106,0.29444444444444445,0.4056603773584906,0.3830528148578062,1.059019439679817,53.48827321293023,0.7055555555555555,True,False,False,True,2,KGS,spike_only,spike,2,2021-01-01,2022-01-01,False
momentum_streak_3d__spike_only,124,124,0.30170316301703165,0.3870967741935484,0.38254693049213595,1.0118935569436125,49.874919357428716,0.6982968369829683,True,False,False,True,2,KGS,spike_only,spike,2,2022-01-01,2023-01-01,False
momentum_streak_5d__spike_only,40,40,0.08658008658008658,0.4,0.3854824165915239,1.0376608187134504,69.15893973388802,0.9134199134199135,True,False,False,True,2,KGS,spike_only,spike,2,2023-01-01,2024-01-01,False
momentum_streak_5d__spike_only,46,46,0.08966861598440545,0.391304347826087,0.39634888438133875,0.9872724845356237,63.84440210608767,0.9103313840155945,True,False,False,True,2,KGS,spike_only,spike,2,2024-01-01,2025-01-01,False
momentum_streak_5d__spike_only,50,50,0.08865248226950355,0.42,0.402506450423885,1.0434615384615384,61.65811726585869,0.9113475177304965,True,False,False,True,2,KGS,spike_only,spike,2,2025-01-01,2026-01-01,False
momentum_streak_5d__spike_only,56,56,0.0910569105691057,0.39285714285714285,0.3952702702702703,0.9938949938949938,58.494439268636505,0.9089430894308943,True,False,False,True,2,KGS,spike_only,spike,2,2026-01-01,2026-09-03,False
momentum_streak_3d__spike_only,66,66,0.32038834951456313,0.45454545454545453,0.3829787234042553,1.1868686868686869,52.755248331242946,0.6796116504854368,True,False,False,True,2,KZT,spike_only,spike,2,2018-01-01,2019-01-01,False
momentum_streak_3d__spike_only,77,77,0.29961089494163423,0.42857142857142855,0.3824959481361426,1.12046004842615,47.68505487646853,0.7003891050583657,True,False,False,True,2,KZT,spike_only,spike,2,2019-01-01,2020-01-01,False
momentum_streak_3d__spike_only,100,100,0.3246753246753247,0.42,0.3695945945945946,1.136380255941499,39.721948731960325,0.6753246753246753,True,False,False,True,2,KZT,spike_only,spike,2,2020-01-01,2021-01-01,False
momentum_streak_3d__spike_only,119,119,0.33055555555555555,0.42857142857142855,0.3702843876958793,1.157411553963278,42.105665134778754,0.6694444444444445,True,False,False,True,2,KZT,spike_only,spike,2,2021-01-01,2022-01-01,False
momentum_streak_3d__spike_only,138,138,0.3357664233576642,0.4057971014492754,0.3647894469812278,1.1124145854749956,38.394151075042565,0.6642335766423357,True,False,False,True,2,KZT,spike_only,spike,2,2022-01-01,2023-01-01,False
momentum_streak_3d__spike_only,153,153,0.33116883116883117,0.39869281045751637,0.3651938683498647,1.0917292019688536,41.01273910518424,0.6688311688311688,True,False,False,True,2,KZT,spike_only,spike,2,2023-01-01,2024-01-01,False
momentum_streak_3d__spike_only,168,168,0.32748538011695905,0.39880952380952384,0.37403651115618664,1.0662315359983472,40.77248555595375,0.672514619883041,True,False,False,True,2,KZT,spike_only,spike,2,2024-01-01,2025-01-01,False
momentum_streak_3d__spike_only,185,185,0.3280141843971631,0.3945945945945946,0.3767047548838924,1.0474903474903474,40.20397376366626,0.6719858156028369,True,False,False,True,2,KZT,spike_only,spike,2,2025-01-01,2026-01-01,False
momentum_streak_5d__spike_only,51,51,0.08292682926829269,0.43137254901960786,0.37263513513513513,1.1576271487742877,42.711055849875606,0.9170731707317074,True,False,False,True,2,KZT,spike_only,spike,2,2026-01-01,2026-09-03,False
momentum_streak_3d__spike_only,60,60,0.2912621359223301,0.36666666666666664,0.37487335359675783,0.9781081081081081,58.76943567927113,0.7087378640776699,True,False,False,True,2,TJS,spike_only,spike,2,2018-01-01,2019-01-01,False
momentum_streak_3d__spike_only,70,70,0.2723735408560311,0.37142857142857144,0.37844408427876824,0.9814622208626491,54.38506701214584,0.727626459143969,True,False,False,True,2,TJS,spike_only,spike,2,2019-01-01,2020-01-01,False
momentum_streak_3d__spike_only,88,88,0.2857142857142857,0.3522727272727273,0.37432432432432433,0.9410895963242534,47.44505044085972,0.7142857142857143,True,False,False,True,2,TJS,spike_only,spike,2,2020-01-01,2021-01-01,False
momentum_streak_5d__spike_only,30,30,0.08333333333333333,0.5,0.375507835171213,1.3315301391035548,60.16412752589208,0.9166666666666666,True,False,True,True,3,TJS,spike_only,spike,2,2021-01-01,2022-01-01,True
momentum_streak_5d__spike_only,34,34,0.0827250608272506,0.47058823529411764,0.3744292237442922,1.2568149210903874,54.58805016520609,0.9172749391727494,True,False,True,True,3,TJS,spike_only,spike,2,2022-01-01,2023-01-01,True
momentum_streak_5d__spike_only,40,40,0.08658008658008658,0.45,0.37962128043282234,1.1853919239904989,54.043085210840715,0.9134199134199135,True,False,False,True,2,TJS,spike_only,spike,2,2023-01-01,2024-01-01,False
momentum_streak_5d__spike_only,45,45,0.08771929824561403,0.4444444444444444,0.39107505070993914,1.136468418626095,51.53703983320908,0.9122807017543859,True,False,False,True,2,TJS,spike_only,spike,2,2024-01-01,2025-01-01,False
momentum_streak_5d__spike_only,50,50,0.08865248226950355,0.46,0.39697751566531514,1.1587558031569174,49.461425418507275,0.9113475177304965,True,False,False,True,2,TJS,spike_only,spike,2,2025-01-01,2026-01-01,False
momentum_streak_5d__spike_only,55,55,0.08943089430894309,0.43636363636363634,0.3956081081081081,1.1030199518670911,48.40679738240426,0.9105691056910569,True,False,False,True,2,TJS,spike_only,spike,2,2026-01-01,2026-09-03,False
momentum_streak_3d__spike_only,68,68,0.3300970873786408,0.3235294117647059,0.36879432624113473,0.8772624434389141,23.41450130113785,0.6699029126213591,True,False,False,True,2,UZS,spike_only,spike,2,2018-01-01,2019-01-01,False
momentum_streak_3d__spike_only,80,80,0.311284046692607,0.3375,0.3719611021069692,0.9073529411764707,24.240500587719605,0.688715953307393,True,False,False,True,2,UZS,spike_only,spike,2,2019-01-01,2020-01-01,False
momentum_streak_3d__spike_only,93,93,0.30194805194805197,0.3225806451612903,0.36283783783783785,0.889049077911936,23.510628590305718,0.698051948051948,True,False,False,True,2,UZS,spike_only,spike,2,2020-01-01,2021-01-01,False
momentum_streak_5d__spike_only,34,34,0.09444444444444444,0.38235294117647056,0.3644805571677307,1.0490352191832146,97.07497018891426,0.9055555555555556,True,False,False,True,2,UZS,spike_only,spike,2,2021-01-01,2022-01-01,False
momentum_streak_5d__spike_only,41,41,0.09975669099756691,0.4146341463414634,0.3647894469812278,1.1366396417788935,83.75633386437602,0.9002433090024331,True,False,False,True,2,UZS,spike_only,spike,2,2022-01-01,2023-01-01,False
momentum_streak_5d__spike_only,48,48,0.1038961038961039,0.3958333333333333,0.3674481514878269,1.077249488752556,96.5334761823945,0.8961038961038961,True,False,False,True,2,UZS,spike_only,spike,2,2023-01-01,2024-01-01,False
momentum_streak_5d__spike_only,56,56,0.10916179337231968,0.39285714285714285,0.3801217038539554,1.0335035828632413,89.82520911944724,0.8908382066276803,True,False,False,True,2,UZS,spike_only,spike,2,2024-01-01,2025-01-01,False
momentum_streak_5d__spike_only,61,61,0.10815602836879433,0.39344262295081966,0.3848138591964615,1.022423214622197,83.47782414997761,0.8918439716312057,True,False,False,True,2,UZS,spike_only,spike,2,2025-01-01,2026-01-01,False
momentum_streak_5d__spike_only,66,66,0.1073170731707317,0.3939393939393939,0.38074324324324327,1.0346589228576806,80.44317473926807,0.8926829268292683,True,False,False,True,2,UZS,spike_only,spike,2,2026-01-01,2026-09-03,False
momentum_streak_3d__spike_only,62,62,0.30097087378640774,0.4032258064516129,0.3184584178498986,1.2661803986028353,78.12494030821624,0.6990291262135923,True,False,True,True,3,AMD,spike_only,spike,3,2018-01-01,2019-01-01,True
momentum_streak_3d__spike_only,71,71,0.27626459143968873,0.4225352112676056,0.33008921330089214,1.2800636744298717,71.86597125860554,0.7237354085603113,True,False,True,True,3,AMD,spike_only,spike,3,2019-01-01,2020-01-01,True
momentum_streak_3d__spike_only,85,85,0.275974025974026,0.38823529411764707,0.32386747802569305,1.1987473903966597,66.6736793607586,0.724025974025974,True,False,False,True,2,AMD,spike_only,spike,3,2020-01-01,2021-01-01,False
momentum_streak_3d__spike_only,100,100,0.2785515320334262,0.35,0.32752613240418116,1.0686170212765957,66.94567586838372,0.7214484679665738,True,False,False,True,2,AMD,spike_only,spike,3,2021-01-01,2022-01-01,False
momentum_streak_3d__spike_only,117,117,0.2846715328467153,0.3504273504273504,0.3284263959390863,1.0669889958916234,62.87422673326398,0.7153284671532847,True,False,False,True,2,AMD,spike_only,spike,3,2022-01-01,2023-01-01,False
momentum_streak_3d__spike_only,134,134,0.29004329004329005,0.34328358208955223,0.33107803337843933,1.0368660783277075,70.75293780345875,0.7099567099567099,True,False,False,True,2,AMD,spike_only,spike,3,2023-01-01,2024-01-01,False
momentum_streak_3d__spike_only,149,149,0.290448343079922,0.3422818791946309,0.34334415584415584,0.9969060878671046,68.2203012901227,0.7095516569200779,True,False,False,True,2,AMD,spike_only,spike,3,2024-01-01,2025-01-01,False
momentum_streak_3d__spike_only,166,166,0.29432624113475175,0.35542168674698793,0.3480825958702065,1.0210843373493974,68.72971052681504,0.7056737588652482,True,False,False,True,2,AMD,spike_only,spike,3,2025-01-01,2026-01-01,False
momentum_streak_3d__spike_only,185,185,0.3008130081300813,0.34054054054054056,0.3430212909766813,0.9927679403541473,67.72704361006151,0.6991869918699187,True,False,False,True,2,AMD,spike_only,spike,3,2026-01-01,2026-09-03,False
momentum_streak_3d__spike_only,64,64,0.3106796116504854,0.328125,0.3225152129817444,1.0173938679245285,83.83349415024652,0.6893203883495146,True,False,False,True,2,KGS,spike_only,spike,3,2018-01-01,2019-01-01,False
momentum_streak_3d__spike_only,74,74,0.28793774319066145,0.32432432432432434,0.3309002433090024,0.9801271860095391,78.14355832685644,0.7120622568093385,True,False,False,True,2,KGS,spike_only,spike,3,2019-01-01,2020-01-01,False
momentum_streak_3d__spike_only,90,90,0.2922077922077922,0.32222222222222224,0.3211629479377958,1.0032982456140351,70.19498729479362,0.7077922077922079,True,False,False,True,2,KGS,spike_only,spike,3,2020-01-01,2021-01-01,False
momentum_streak_3d__spike_only,106,106,0.29526462395543174,0.32075471698113206,0.3205574912891986,1.0006152584085317,75.1258979468901,0.7047353760445683,True,False,False,True,2,KGS,spike_only,spike,3,2021-01-01,2022-01-01,False
momentum_streak_3d__spike_only,124,124,0.30170316301703165,0.29838709677419356,0.32131979695431473,0.9286296692656577,69.98834785794469,0.6982968369829683,True,False,False,True,2,KGS,spike_only,spike,3,2022-01-01,2023-01-01,False
momentum_streak_5d__spike_only,40,40,0.08658008658008658,0.325,0.32476319350473615,1.0007291666666667,105.39875544433907,0.9134199134199135,True,False,False,True,2,KGS,spike_only,spike,3,2023-01-01,2024-01-01,False
momentum_streak_5d__spike_only,46,46,0.08966861598440545,0.30434782608695654,0.3372564935064935,0.9024224349918905,98.02542730327353,0.9103313840155945,True,False,False,True,2,KGS,spike_only,spike,3,2024-01-01,2025-01-01,False
momentum_streak_5d__spike_only,49,49,0.08687943262411348,0.32653061224489793,0.34365781710914456,0.9501620390645528,94.45674680620978,0.9131205673758865,True,False,False,True,2,KGS,spike_only,spike,3,2025-01-01,2026-01-01,False
momentum_streak_5d__spike_only,55,55,0.08943089430894309,0.32727272727272727,0.33693815478202094,0.9713139418254765,90.60819731184986,0.9105691056910569,True,False,False,True,2,KGS,spike_only,spike,3,2026-01-01,2026-09-03,False
momentum_streak_3d__spike_only,66,66,0.32038834951456313,0.3181818181818182,0.3225152129817444,0.9865637507146942,71.08026936117703,0.6796116504854368,True,False,False,True,2,KZT,spike_only,spike,3,2018-01-01,2019-01-01,False
momentum_streak_2d__spike_only,152,152,0.5914396887159533,0.3223684210526316,0.3236009732360097,0.996191135734072,53.8600532980387,0.4085603112840467,True,False,False,True,2,KZT,spike_only,spike,3,2019-01-01,2020-01-01,False
momentum_streak_3d__spike_only,100,100,0.3246753246753247,0.3,0.31507775524002707,0.952145922746781,53.73947068445042,0.6753246753246753,True,False,False,True,2,KZT,spike_only,spike,3,2020-01-01,2021-01-01,False
momentum_streak_2d__spike_only,217,217,0.6044568245125348,0.30414746543778803,0.3164924506387921,0.9609943770346256,45.62327438564305,0.3955431754874652,True,False,False,True,2,KZT,spike_only,spike,3,2021-01-01,2022-01-01,False
momentum_streak_5d__spike_only,35,35,0.0851581508515815,0.3142857142857143,0.31218274111675126,1.0067363530778164,59.59348706338719,0.9148418491484185,True,False,False,True,2,KZT,spike_only,spike,3,2022-01-01,2023-01-01,False
momentum_streak_2d__spike_only,284,284,0.6147186147186147,0.2992957746478873,0.3116824537663509,0.9602586575895314,47.93408926799212,0.38528138528138534,True,False,False,True,2,KZT,spike_only,spike,3,2023-01-01,2024-01-01,False
momentum_streak_5d__spike_only,44,44,0.08576998050682261,0.3181818181818182,0.3210227272727273,0.991150442477876,64.71727238167536,0.9142300194931774,True,False,False,True,2,KZT,spike_only,spike,3,2024-01-01,2025-01-01,False
momentum_streak_5d__spike_only,47,47,0.08333333333333333,0.3404255319148936,0.3219026548672566,1.0575418585947212,65.13075967205366,0.9166666666666666,True,False,False,True,2,KZT,spike_only,spike,3,2025-01-01,2026-01-01,False
momentum_streak_5d__spike_only,51,51,0.08292682926829269,0.37254901960784315,0.31699898614396754,1.1752372590827376,63.78059052179319,0.9170731707317074,True,False,False,True,2,KZT,spike_only,spike,3,2026-01-01,2026-09-03,False
momentum_streak_3d__spike_only,60,60,0.2912621359223301,0.3333333333333333,0.30628803245436104,1.0883002207505519,87.59856301643835,0.7087378640776699,True,False,False,True,2,TJS,spike_only,spike,3,2018-01-01,2019-01-01,False
momentum_streak_3d__spike_only,70,70,0.2723735408560311,0.32857142857142857,0.31305758313057586,1.0495558845299777,80.4075730727126,0.727626459143969,True,False,False,True,2,TJS,spike_only,spike,3,2019-01-01,2020-01-01,False
momentum_streak_3d__spike_only,88,88,0.2857142857142857,0.29545454545454547,0.3076402974983097,0.9603896103896105,70.46206974062669,0.7142857142857143,True,False,False,True,2,TJS,spike_only,spike,3,2020-01-01,2021-01-01,False
momentum_streak_5d__spike_only,30,30,0.08356545961002786,0.36666666666666664,0.3124274099883856,1.1736059479553902,77.05006297782323,0.9164345403899722,True,False,False,True,2,TJS,spike_only,spike,3,2021-01-01,2022-01-01,False
momentum_streak_5d__spike_only,34,34,0.0827250608272506,0.35294117647058826,0.3111675126903553,1.1342481527684485,70.46022125313061,0.9172749391727494,True,False,False,True,2,TJS,spike_only,spike,3,2022-01-01,2023-01-01,False
momentum_streak_5d__spike_only,40,40,0.08658008658008658,0.35,0.31709517365809653,1.1037695590327168,72.15947056943932,0.9134199134199135,True,False,False,True,2,TJS,spike_only,spike,3,2023-01-01,2024-01-01,False
momentum_streak_5d__spike_only,45,45,0.08771929824561403,0.3333333333333333,0.3299512987012987,1.010250102501025,69.83362134727928,0.9122807017543859,True,False,False,True,2,TJS,spike_only,spike,3,2024-01-01,2025-01-01,False
momentum_streak_5d__spike_only,49,49,0.08687943262411348,0.3469387755102041,0.3359144542772861,1.0328188355473913,66.99202786252026,0.9131205673758865,True,False,False,True,2,TJS,spike_only,spike,3,2025-01-01,2026-01-01,False
momentum_streak_5d__spike_only,54,54,0.08780487804878048,0.35185185185185186,0.3366002027712065,1.0453108731221181,67.1067702127523,0.9121951219512195,True,False,False,True,2,TJS,spike_only,spike,3,2026-01-01,2026-09-03,False
momentum_streak_3d__spike_only,68,68,0.3300970873786408,0.25,0.3022312373225152,0.8271812080536912,42.667154872184256,0.6699029126213591,True,False,False,True,2,UZS,spike_only,spike,3,2018-01-01,2019-01-01,False
momentum_streak_3d__spike_only,80,80,0.311284046692607,0.275,0.31305758313057586,0.8784326424870467,41.94829920525452,0.688715953307393,True,False,False,True,2,UZS,spike_only,spike,3,2019-01-01,2020-01-01,False
momentum_streak_2d__spike_only,182,182,0.5909090909090909,0.2692307692307692,0.30493576741041245,0.8829097731536755,33.160192340391454,0.40909090909090906,True,False,False,True,2,UZS,spike_only,spike,3,2020-01-01,2021-01-01,False
momentum_streak_2d__spike_only,215,215,0.5988857938718662,0.2744186046511628,0.3077816492450639,0.891601579640193,35.29730072178199,0.40111420612813375,True,False,False,True,2,UZS,spike_only,spike,3,2021-01-01,2022-01-01,False
momentum_streak_5d__spike_only,41,41,0.09975669099756691,0.2926829268292683,0.3081218274111675,0.9498935187045445,121.2540604008766,0.9002433090024331,True,False,False,True,2,UZS,spike_only,spike,3,2022-01-01,2023-01-01,False
momentum_streak_5d__spike_only,48,48,0.1038961038961039,0.2916666666666667,0.31078033378439335,0.9384978229317852,135.01955058570942,0.8961038961038961,True,False,False,True,2,UZS,spike_only,spike,3,2023-01-01,2024-01-01,False
momentum_streak_5d__spike_only,56,56,0.10916179337231968,0.2857142857142857,0.3242694805194805,0.881101376720901,126.18355096372444,0.8908382066276803,True,False,False,True,2,UZS,spike_only,spike,3,2024-01-01,2025-01-01,False
momentum_streak_5d__spike_only,60,60,0.10638297872340426,0.2833333333333333,0.32927728613569324,0.8604703247480402,118.14155368863754,0.8936170212765957,True,False,False,True,2,UZS,spike_only,spike,3,2025-01-01,2026-01-01,False
momentum_streak_5d__spike_only,65,65,0.10569105691056911,0.3076923076923077,0.32544778641432914,0.9454429267513381,115.06626566371452,0.8943089430894309,True,False,False,True,2,UZS,spike_only,spike,3,2026-01-01,2026-09-03,False
momentum_streak_3d__spike_only,62,62,0.30097087378640774,0.3387096774193548,0.27918781725888325,1.2131964809384164,79.47179432020239,0.6990291262135923,True,False,True,True,3,AMD,spike_only,spike,4,2018-01-01,2019-01-01,True
momentum_streak_3d__spike_only,71,71,0.27626459143968873,0.36619718309859156,0.28733766233766234,1.2744489536086576,73.04455917533815,0.7237354085603113,True,False,True,True,3,AMD,spike_only,spike,4,2019-01-01,2020-01-01,True
momentum_streak_3d__spike_only,85,85,0.275974025974026,0.3176470588235294,0.2794316644113667,1.1367611451360204,67.79097888197406,0.724025974025974,True,False,False,True,2,AMD,spike_only,spike,4,2020-01-01,2021-01-01,False
momentum_streak_3d__spike_only,100,100,0.2785515320334262,0.29,0.284137129575828,1.0206339468302659,68.08782017182784,0.7214484679665738,True,False,False,True,2,AMD,spike_only,spike,4,2021-01-01,2022-01-01,False
momentum_streak_3d__spike_only,117,117,0.28536585365853656,0.2905982905982906,0.28390045708481465,1.0235921899607052,64.08988410718717,0.7146341463414634,True,False,False,True,2,AMD,spike_only,spike,4,2022-01-01,2023-01-01,False
momentum_streak_3d__spike_only,134,134,0.29004329004329005,0.291044776119403,0.2901624548736462,1.0030407836401198,72.34656488465762,0.7099567099567099,True,False,False,True,2,AMD,spike_only,spike,4,2023-01-01,2024-01-01,False
momentum_streak_3d__spike_only,149,149,0.290448343079922,0.2953020134228188,0.3024766544863987,0.9762803477320842,69.87283628039373,0.7095516569200779,True,False,False,True,2,AMD,spike_only,spike,4,2024-01-01,2025-01-01,False
momentum_streak_3d__spike_only,166,166,0.29432624113475175,0.3132530120481928,0.30911102914053856,1.013399660695287,70.73828379337219,0.7056737588652482,True,False,False,True,2,AMD,spike_only,spike,4,2025-01-01,2026-01-01,False
momentum_streak_3d__spike_only,185,185,0.3008130081300813,0.3027027027027027,0.30425963488843816,0.9948828828828828,69.43776396157814,0.6991869918699187,True,False,False,True,2,AMD,spike_only,spike,4,2026-01-01,2026-09-03,False
momentum_streak_3d__spike_only,64,64,0.3106796116504854,0.28125,0.2802030456852792,1.0037364130434783,84.8418440483893,0.6893203883495146,True,False,False,True,2,KGS,spike_only,spike,4,2018-01-01,2019-01-01,False
momentum_streak_3d__spike_only,74,74,0.28793774319066145,0.28378378378378377,0.288961038961039,0.9820832068023079,79.84908622727359,0.7120622568093385,True,False,False,True,2,KGS,spike_only,spike,4,2019-01-01,2020-01-01,False
momentum_streak_3d__spike_only,90,90,0.2922077922077922,0.26666666666666666,0.2774018944519621,0.9613008130081301,71.88347613242844,0.7077922077922079,True,False,False,True,2,KGS,spike_only,spike,4,2020-01-01,2021-01-01,False
momentum_streak_3d__spike_only,105,105,0.2924791086350975,0.26666666666666666,0.27832655432887854,0.9581071677105081,74.83834405996105,0.7075208913649025,True,False,False,True,2,KGS,spike_only,spike,4,2021-01-01,2022-01-01,False
momentum_streak_3d__spike_only,124,124,0.3024390243902439,0.25,0.27831386490604365,0.8982664233576643,71.49686559149686,0.697560975609756,True,False,False,True,2,KGS,spike_only,spike,4,2022-01-01,2023-01-01,False
momentum_streak_5d__spike_only,40,40,0.08658008658008658,0.3,0.2824909747292419,1.0619808306709264,140.56751776454493,0.9134199134199135,True,False,False,True,2,KGS,spike_only,spike,4,2023-01-01,2024-01-01,False
momentum_streak_5d__spike_only,46,46,0.08966861598440545,0.2608695652173913,0.29598051157125455,0.8813741277509394,130.8765269603793,0.9103313840155945,True,False,False,True,2,KGS,spike_only,spike,4,2024-01-01,2025-01-01,False
momentum_streak_5d__spike_only,49,49,0.08687943262411348,0.2857142857142857,0.3039468830689782,0.9400138696255201,127.29012533659305,0.9131205673758865,True,False,False,True,2,KGS,spike_only,spike,4,2025-01-01,2026-01-01,False
momentum_streak_5d__spike_only,55,55,0.08943089430894309,0.2727272727272727,0.29817444219066935,0.9146567717996289,121.43859532312125,0.9105691056910569,True,False,False,True,2,KGS,spike_only,spike,4,2026-01-01,2026-09-03,False
momentum_streak_3d__spike_only,65,65,0.3155339805825243,0.3076923076923077,0.2883248730964467,1.067172264355363,69.05891500133235,0.6844660194174756,True,False,False,True,2,KZT,spike_only,spike,4,2018-01-01,2019-01-01,False
momentum_streak_3d__spike_only,77,77,0.29961089494163423,0.2857142857142857,0.288961038961039,0.9887640449438201,60.892126730366854,0.7003891050583657,True,False,False,True,2,KZT,spike_only,spike,4,2019-01-01,2020-01-01,False
momentum_streak_3d__spike_only,100,100,0.3246753246753247,0.29,0.2821380243572395,1.0278657074340527,51.31819371040613,0.6753246753246753,True,False,False,True,2,KZT,spike_only,spike,4,2020-01-01,2021-01-01,False
momentum_streak_3d__spike_only,118,118,0.3286908077994429,0.2966101694915254,0.2812318419523533,1.0546820282952794,55.23397233162995,0.6713091922005572,True,False,False,True,2,KZT,spike_only,spike,4,2021-01-01,2022-01-01,False
momentum_streak_5d__spike_only,35,35,0.08536585365853659,0.3142857142857143,0.27526663280853225,1.1417501317870322,80.91332279976993,0.9146341463414634,True,False,False,True,2,KZT,spike_only,spike,4,2022-01-01,2023-01-01,False
momentum_streak_5d__spike_only,39,39,0.08441558441558442,0.28205128205128205,0.27617328519855594,1.0212837271660802,81.57413566742194,0.9155844155844156,True,False,False,True,2,KZT,spike_only,spike,4,2023-01-01,2024-01-01,False
momentum_streak_5d__spike_only,44,44,0.08576998050682261,0.29545454545454547,0.2874543239951279,1.027831278890601,88.46599356625053,0.9142300194931774,True,False,False,True,2,KZT,spike_only,spike,4,2024-01-01,2025-01-01,False
momentum_streak_5d__spike_only,47,47,0.08333333333333333,0.3191489361702128,0.2880855772777573,1.107826845015937,90.77237796673434,0.9166666666666666,True,False,False,True,2,KZT,spike_only,spike,4,2025-01-01,2026-01-01,False
momentum_streak_5d__spike_only,51,51,0.08292682926829269,0.35294117647058826,0.281947261663286,1.2517985611510793,88.1236880931457,0.9170731707317074,True,False,True,True,3,KZT,spike_only,spike,4,2026-01-01,2026-09-03,True
momentum_streak_3d__spike_only,60,60,0.2912621359223301,0.2833333333333333,0.265989847715736,1.065203562340967,89.0250336098363,0.7087378640776699,True,False,False,True,2,TJS,spike_only,spike,4,2018-01-01,2019-01-01,False
momentum_streak_3d__spike_only,70,70,0.2723735408560311,0.2857142857142857,0.27435064935064934,1.0414201183431953,81.19976059751285,0.727626459143969,True,False,False,True,2,TJS,spike_only,spike,4,2019-01-01,2020-01-01,False
momentum_streak_3d__spike_only,88,88,0.2857142857142857,0.23863636363636365,0.2679296346414073,0.8906680440771351,71.3320854051547,0.7142857142857143,True,False,False,True,2,TJS,spike_only,spike,4,2020-01-01,2021-01-01,False
momentum_streak_5d__spike_only,30,30,0.08356545961002786,0.3333333333333333,0.273678094131319,1.2179759377211605,102.44887199883756,0.9164345403899722,True,False,True,True,3,TJS,spike_only,spike,4,2021-01-01,2022-01-01,True
momentum_streak_5d__spike_only,34,34,0.08292682926829269,0.29411764705882354,0.2701879126460132,1.0885670057496684,93.62912503063322,0.9170731707317074,True,False,False,True,2,TJS,spike_only,spike,4,2022-01-01,2023-01-01,False
momentum_streak_5d__spike_only,40,40,0.08658008658008658,0.3,0.2788808664259928,1.0757281553398057,95.66082242574385,0.9134199134199135,True,False,False,True,2,TJS,spike_only,spike,4,2023-01-01,2024-01-01,False
momentum_streak_5d__spike_only,45,45,0.08771929824561403,0.26666666666666666,0.2919204222492895,0.913490959666203,92.56941106761512,0.9122807017543859,True,False,False,True,2,TJS,spike_only,spike,4,2024-01-01,2025-01-01,False
momentum_streak_5d__spike_only,49,49,0.08687943262411348,0.2857142857142857,0.2987827369974179,0.9562610229276896,90.28898757572192,0.9131205673758865,True,False,False,True,2,TJS,spike_only,spike,4,2025-01-01,2026-01-01,False
momentum_streak_5d__spike_only,54,54,0.08780487804878048,0.2777777777777778,0.29986477349560514,0.9263434798947764,90.01690116154772,0.9121951219512195,True,False,False,True,2,TJS,spike_only,spike,4,2026-01-01,2026-09-03,False
momentum_streak_3d__spike_only,68,68,0.3300970873786408,0.23529411764705882,0.2568527918781726,0.9160660311555451,41.64060581142467,0.6699029126213591,True,False,False,True,2,UZS,spike_only,spike,4,2018-01-01,2019-01-01,False
momentum_streak_3d__spike_only,80,80,0.311284046692607,0.2625,0.2694805194805195,0.9740963855421687,40.849928884788596,0.688715953307393,True,False,False,True,2,UZS,spike_only,spike,4,2019-01-01,2020-01-01,False
momentum_streak_2d__spike_only,182,182,0.5909090909090909,0.23626373626373626,0.2591339648173207,0.9117436088715462,30.198352108634722,0.40909090909090906,True,False,False,True,2,UZS,spike_only,spike,4,2020-01-01,2021-01-01,False
momentum_streak_5d__spike_only,34,34,0.0947075208913649,0.2647058823529412,0.26380011621150495,1.0034335320031096,177.63101955225042,0.9052924791086351,True,False,False,True,2,UZS,spike_only,spike,4,2021-01-01,2022-01-01,False
momentum_streak_5d__spike_only,41,41,0.1,0.2682926829268293,0.26358557643473846,1.0178579820480287,153.9722919429288,0.9,True,False,False,True,2,UZS,spike_only,spike,4,2022-01-01,2023-01-01,False
momentum_streak_5d__spike_only,48,48,0.1038961038961039,0.2708333333333333,0.2685018050541516,1.0086834733893557,168.30313283113836,0.8961038961038961,True,False,False,True,2,UZS,spike_only,spike,4,2023-01-01,2024-01-01,False
momentum_streak_5d__spike_only,56,56,0.10916179337231968,0.25,0.2829882257409663,0.8834289813486369,157.7254875325898,0.8908382066276803,True,False,False,True,2,UZS,spike_only,spike,4,2024-01-01,2025-01-01,False
momentum_streak_3d__spike_only,182,182,0.32269503546099293,0.25824175824175827,0.2888233124308373,0.8941167389443253,52.05816445480929,0.677304964539007,True,False,False,True,2,UZS,spike_only,spike,4,2025-01-01,2026-01-01,False
momentum_streak_5d__spike_only,65,65,0.10569105691056911,0.26153846153846155,0.2839756592292089,0.9209890109890111,145.69551965921562,0.8943089430894309,True,False,False,True,2,UZS,spike_only,spike,4,2026-01-01,2026-09-03,False
momentum_streak_3d__spike_only,61,61,0.2975609756097561,0.32786885245901637,0.2632113821138211,1.2456484587632128,85.71724026492025,0.7024390243902439,True,False,True,True,3,AMD,spike_only,spike,5,2018-01-01,2019-01-01,True
momentum_streak_3d__spike_only,71,71,0.27626459143968873,0.352112676056338,0.27132412672623885,1.2977565994771019,76.76442606059207,0.7237354085603113,True,False,True,True,3,AMD,spike_only,spike,5,2019-01-01,2020-01-01,True
momentum_streak_3d__spike_only,85,85,0.275974025974026,0.3058823529411765,0.26201760324983076,1.1674114607083144,70.52973948741761,0.724025974025974,True,False,False,True,2,AMD,spike_only,spike,5,2020-01-01,2021-01-01,False
momentum_streak_3d__spike_only,100,100,0.2785515320334262,0.28,0.2651162790697674,1.0561403508771932,70.53033278357772,0.7214484679665738,True,False,False,True,2,AMD,spike_only,spike,5,2021-01-01,2022-01-01,False
momentum_streak_3d__spike_only,117,117,0.28536585365853656,0.27350427350427353,0.2616869918699187,1.0451580781677872,66.72590282046866,0.7146341463414634,True,False,False,True,2,AMD,spike_only,spike,5,2022-01-01,2023-01-01,False
momentum_streak_3d__spike_only,134,134,0.29067245119305857,0.27611940298507465,0.26636568848758463,1.0366177586643057,75.19095267962153,0.7093275488069415,True,False,False,True,2,AMD,spike_only,spike,5,2023-01-01,2024-01-01,False
momentum_streak_3d__spike_only,149,149,0.291015625,0.28187919463087246,0.2786352558895207,1.011642240788933,72.62645878853188,0.708984375,True,False,False,True,2,AMD,spike_only,spike,5,2024-01-01,2025-01-01,False
momentum_streak_3d__spike_only,165,165,0.2925531914893617,0.2909090909090909,0.28450184501845016,1.0225209291357151,72.75631609460939,0.7074468085106382,True,False,False,True,2,AMD,spike_only,spike,5,2025-01-01,2026-01-01,False
momentum_streak_3d__spike_only,184,184,0.2991869918699187,0.2826086956521739,0.27967534663510313,1.0104884075495504,71.49170540505627,0.7008130081300813,True,False,False,True,2,AMD,spike_only,spike,5,2026-01-01,2026-09-03,False
momentum_streak_3d__spike_only,63,63,0.3073170731707317,0.2698412698412698,0.25101626016260165,1.074995180258338,90.44726714665356,0.6926829268292682,True,False,False,True,2,KGS,spike_only,spike,5,2018-01-01,2019-01-01,False
momentum_streak_3d__spike_only,74,74,0.28793774319066145,0.25675675675675674,0.2607636068237206,0.9846341668771574,83.55112842230442,0.7120622568093385,True,False,False,True,2,KGS,spike_only,spike,5,2019-01-01,2020-01-01,False
momentum_streak_3d__spike_only,90,90,0.2922077922077922,0.24444444444444444,0.25050778605280977,0.9757957957957957,74.51790222337675,0.7077922077922079,True,False,False,True,2,KGS,spike_only,spike,5,2020-01-01,2021-01-01,False
momentum_streak_3d__spike_only,105,105,0.2924791086350975,0.24761904761904763,0.25,0.9904761904761905,76.67884281902452,0.7075208913649025,True,False,False,True,2,KGS,spike_only,spike,5,2021-01-01,2022-01-01,False
momentum_streak_3d__spike_only,124,124,0.3024390243902439,0.23387096774193547,0.24745934959349594,0.9450884281645359,72.65681242820995,0.697560975609756,True,False,False,True,2,KGS,spike_only,spike,5,2022-01-01,2023-01-01,False
momentum_streak_5d__spike_only,40,40,0.08676789587852494,0.225,0.2510158013544018,0.8963579136690647,170.3708846995126,0.913232104121475,True,False,False,True,2,KGS,spike_only,spike,5,2023-01-01,2024-01-01,False
momentum_streak_2d__spike_only,297,297,0.580078125,0.2222222222222222,0.2644191714053615,0.8404164533196792,36.47200589275524,0.419921875,True,False,False,True,2,KGS,spike_only,spike,5,2024-01-01,2025-01-01,False
momentum_streak_3d__spike_only,172,172,0.3049645390070922,0.23837209302325582,0.2734317343173432,0.8717791796127169,75.68756712867157,0.6950354609929078,True,False,False,True,2,KGS,spike_only,spike,5,2025-01-01,2026-01-01,False
momentum_streak_3d__spike_only,191,191,0.3105691056910569,0.23036649214659685,0.26817720662833955,0.8590084707156203,73.65395637074411,0.6894308943089431,True,False,False,True,2,KGS,spike_only,spike,5,2026-01-01,2026-09-03,False
momentum_streak_3d__spike_only,65,65,0.3170731707317073,0.2923076923076923,0.2632113821138211,1.1105435105435106,71.75539068974776,0.6829268292682926,True,False,False,True,2,KZT,spike_only,spike,5,2018-01-01,2019-01-01,False
momentum_streak_3d__spike_only,77,77,0.29961089494163423,0.2597402597402597,0.26157595450852966,0.9929821731063966,63.16664243077574,0.7003891050583657,True,False,False,True,2,KZT,spike_only,spike,5,2019-01-01,2020-01-01,False
momentum_streak_3d__spike_only,100,100,0.3246753246753247,0.26,0.25457007447528773,1.0213297872340426,52.89792119794948,0.6753246753246753,True,False,False,True,2,KZT,spike_only,spike,5,2020-01-01,2021-01-01,False
momentum_streak_3d__spike_only,118,118,0.3286908077994429,0.2711864406779661,0.25465116279069766,1.0649330547171272,57.39110586441609,0.6713091922005572,True,False,False,True,2,KZT,spike_only,spike,5,2021-01-01,2022-01-01,False
momentum_streak_5d__spike_only,35,35,0.08536585365853659,0.2857142857142857,0.24949186991869918,1.1451847541460576,103.43668737694595,0.9146341463414634,True,False,False,True,2,KZT,spike_only,spike,5,2022-01-01,2023-01-01,False
momentum_streak_5d__spike_only,39,39,0.08459869848156182,0.2564102564102564,0.2510158013544018,1.0214904999077659,104.27589397940282,0.9154013015184381,True,False,False,True,2,KZT,spike_only,spike,5,2023-01-01,2024-01-01,False
momentum_streak_3d__spike_only,168,168,0.328125,0.25595238095238093,0.26238830219333875,0.9754717676544301,55.14414432581422,0.671875,True,False,False,True,2,KZT,spike_only,spike,5,2024-01-01,2025-01-01,False
momentum_streak_5d__spike_only,47,47,0.08333333333333333,0.2765957446808511,0.26236162361623616,1.0542538229045098,115.9959593766903,0.9166666666666666,True,False,False,True,2,KZT,spike_only,spike,5,2025-01-01,2026-01-01,False
momentum_streak_5d__spike_only,51,51,0.08292682926829269,0.3137254901960784,0.2573554277984444,1.2190358403545385,112.47302558294871,0.9170731707317074,True,False,True,True,3,KZT,spike_only,spike,5,2026-01-01,2026-09-03,True
momentum_streak_3d__spike_only,59,59,0.28780487804878047,0.2542372881355932,0.24390243902439024,1.042372881355932,95.27953181330052,0.7121951219512195,True,False,False,True,2,TJS,spike_only,spike,5,2018-01-01,2019-01-01,False
momentum_streak_3d__spike_only,70,70,0.2723735408560311,0.24285714285714285,0.25264012997562957,0.9612769866789159,84.52893895089206,0.727626459143969,True,False,False,True,2,TJS,spike_only,spike,5,2019-01-01,2020-01-01,False
momentum_streak_3d__spike_only,88,88,0.2857142857142857,0.20454545454545456,0.24847664184157076,0.8231979192469656,74.06135297976722,0.7142857142857143,True,False,False,True,2,TJS,spike_only,spike,5,2020-01-01,2021-01-01,False
momentum_streak_5d__spike_only,30,30,0.08356545961002786,0.3,0.2517441860465116,1.1916859122401848,128.48197491464765,0.9164345403899722,True,False,False,True,2,TJS,spike_only,spike,5,2021-01-01,2022-01-01,False
momentum_streak_5d__spike_only,34,34,0.08292682926829269,0.2647058823529412,0.24491869918699186,1.0807908225530878,117.83422052487826,0.9170731707317074,True,False,False,True,2,TJS,spike_only,spike,5,2022-01-01,2023-01-01,False
momentum_streak_5d__spike_only,40,40,0.08676789587852494,0.275,0.25417607223476296,1.0819271758436946,121.3479272148029,0.913232104121475,True,False,False,True,2,TJS,spike_only,spike,5,2023-01-01,2024-01-01,False
momentum_streak_5d__spike_only,45,45,0.087890625,0.24444444444444444,0.26726238830219334,0.9146234380276933,117.90221107654793,0.912109375,True,False,False,True,2,TJS,spike_only,spike,5,2024-01-01,2025-01-01,False
momentum_streak_5d__spike_only,49,49,0.08687943262411348,0.2653061224489796,0.274169741697417,0.9676710522701679,116.45705505614504,0.9131205673758865,True,False,False,True,2,TJS,spike_only,spike,5,2025-01-01,2026-01-01,False
momentum_streak_5d__spike_only,54,54,0.08780487804878048,0.25925925925925924,0.2759553601623267,0.93949709513435,115.52978597610893,0.9121951219512195,True,False,False,True,2,TJS,spike_only,spike,5,2026-01-01,2026-09-03,False
momentum_streak_3d__spike_only,67,67,0.32682926829268294,0.22388059701492538,0.23678861788617886,0.945487156492217,46.42153960264803,0.673170731707317,True,False,False,True,2,UZS,spike_only,spike,5,2018-01-01,2019-01-01,False
momentum_streak_3d__spike_only,80,80,0.311284046692607,0.225,0.24857839155158407,0.9051470588235295,43.88287213835627,0.688715953307393,True,False,False,True,2,UZS,spike_only,spike,5,2019-01-01,2020-01-01,False
momentum_streak_2d__spike_only,182,182,0.5909090909090909,0.22527472527472528,0.23899796885578875,0.9425800828067118,27.351479119826667,0.40909090909090906,True,False,False,True,2,UZS,spike_only,spike,5,2020-01-01,2021-01-01,False
momentum_streak_5d__spike_only,34,34,0.0947075208913649,0.23529411764705882,0.24302325581395348,0.96819589079651,208.07433821196213,0.9052924791086351,True,False,False,True,2,UZS,spike_only,spike,5,2021-01-01,2022-01-01,False
momentum_streak_5d__spike_only,41,41,0.1,0.24390243902439024,0.2383130081300813,1.023454157782516,180.5161932171918,0.9,True,False,False,True,2,UZS,spike_only,spike,5,2022-01-01,2023-01-01,False
momentum_streak_5d__spike_only,48,48,0.10412147505422993,0.25,0.24288939051918737,1.0292750929368029,195.9031089587451,0.89587852494577,True,False,False,True,2,UZS,spike_only,spike,5,2023-01-01,2024-01-01,False
momentum_streak_5d__spike_only,56,56,0.109375,0.23214285714285715,0.25751421608448416,0.9014758900405588,184.98684191592324,0.890625,True,False,False,True,2,UZS,spike_only,spike,5,2024-01-01,2025-01-01,False
momentum_streak_5d__spike_only,60,60,0.10638297872340426,0.23333333333333334,0.26346863468634685,0.8856209150326798,176.3916348043243,0.8936170212765957,True,False,False,True,2,UZS,spike_only,spike,5,2025-01-01,2026-01-01,False
momentum_streak_3d__spike_only,201,201,0.32682926829268294,0.23383084577114427,0.25870815015218124,0.9038402757454558,56.761578686075076,0.673170731707317,True,False,False,True,2,UZS,spike_only,spike,5,2026-01-01,2026-09-03,False
